Name,Age,Address,Salary
Joseph Walker,51,03894 Tonya Well Apt. 042 Michaelshire SD 03447,3783
Brianna Wall,82,4188 Neal Ramp Port Katherinemouth AS 80754,9074
Carrie Wood,61,225 Anthony Trail Apt. 234 Kyliebury MP 07780,8669
Lance Garcia,34,7998 Barnes Mews West Brandychester MS 78550,2468
Joanna Little,58,389 Joseph Inlet Lake Michaelfurt PW 18793,9690
Charles Jackson,73,60127 Logan Parkway Suite 121 Annaview WI 14559,3323
Jeffrey Burton,51,1874 Burch Highway East Scottland CA 36086,2914
Jennifer Reese,58,USNS Green FPO AP 81743,1723
Tammy Flynn,34,1478 Brett Lodge Emilystad LA 94031,9179
Christine Herrera,53,7462 Davis Village Apt. 389 Harrisville OR 36055,6907
Ann Phillips,73,PSC 8557 Box 8335 APO AE 92542,5635
Christina Mccarthy,51,957 Michael Mews Apt. 495 Port Calebport SD 03124,5321
Nichole Banks,84,6078 Mary Valley Apt. 211 Samanthachester FL 52759,6128
Jay Guerrero,73,4760 Nicholas Rue Terrymouth MN 30141,3703
Danielle Cook,58,Unit 3203 Box 6960 DPO AE 03626,9049
Michael Turner,37,2124 Castro Freeway Suite 905 Angelamouth VT 18688,8208
Amanda Knapp,24,1172 Richard Ports Port Timothyfurt WV 60954,4095
William Rodriguez,37,2730 Crystal Lane Apt. 967 Huffville AZ 20007,1894
Michael Cook,47,33042 Colton Skyway Waltersshire IL 75131,4000
Joel Figueroa,22,033 Russell Pine Apt. 709 Melissachester NV 57083,8704
Anne Skinner,51,855 Griffin Haven Apt. 210 Bennettmouth FM 32234,3679
Debbie Rodriguez,77,0258 Aguirre Dale Suite 436 New Michael CT 35681,8150
Justin Miller,32,902 Howe Loaf Davidburgh AL 83099,9108
Michael Johnson,23,44216 Jenkins Rapid Suite 594 Hollyport RI 69583,8233
Alejandro Smith,63,94334 Kelly Row East Jennifer MO 34182,8949
Candace Hernandez,76,8973 Brian Road North Spencerfurt AR 34433,9077
Lorraine Aguilar,32,1371 Nolan Turnpike Valenciaside FL 98250,3425
Robert Martinez,33,218 Anderson Row West Paul MO 04361,6727
Elizabeth Harper,29,723 Hogan Crest Troystad FM 26044,4337
Carrie Kaufman,54,013 Warren Glens North Meredith CA 60521,3959
Bianca Lester,39,0768 Dunn Island New Johnville SC 72738,9335
Cory Dickson,52,2942 James Garden South Catherinebury MA 54087,4479
Gregory Porter,92,6427 Derrick Corner Thomasport OK 63203,1067
Julie Butler,85,4601 Boyd Viaduct Christianville IN 15935,3958
Aimee Herring,71,3230 Michael Creek Dariusberg TN 28229,2258
Charles Garcia,49,610 Anderson Knoll New Sophia FM 25925,9161
Jose Watson,30,1769 Katherine Causeway Marthamouth LA 39559,6384
Bryan Blair,21,807 Edwards Key Michaelberg MA 85299,5657
Eric Huffman,33,958 Hayes Station New Brandonmouth ME 19047,7458
Tyler Flynn,65,781 Diaz Cove Suite 987 Lindashire TX 65579,2737
Nathan Reynolds,59,06400 Ball Dam Port Victorfurt MD 31418,3519
Michael Schmidt,21,USS Hogan FPO AA 67803,2328
Valerie Baker,76,466 Sean Plains Apt. 110 Port Michael VT 73544,8861
Melanie Abbott,76,5525 Koch Parkways Suite 217 Port Jamesburgh GU 56616,5412
Joseph Porter,94,941 Walker Gateway Apt. 374 East Teresastad MO 91776,1095
Melanie Hutchinson,60,45452 Conner Lake Suite 331 Samanthaside VI 13711,1718
Mitchell Henry,97,1544 Seth Harbor Suite 155 Lake Jessica VA 13039,8423
Joshua Anderson,59,USNV Calderon FPO AP 13545,3118
Shawna Haynes,45,1055 Tonya Junctions Apt. 633 Port Emily MN 69167,1797
Catherine Coleman,100,0344 Lin Station Suite 306 Cervantesbury WV 87474,5635
Sandra Parker,59,50100 Aaron Mall Suite 904 West Michelle GA 81743,1909
Brian Hunter,27,6132 Jean Lights Danielburgh NJ 17753,9964
Nancy Jones,95,5208 Adams Roads Apt. 588 West Glenn WA 70594,7248
Melissa Martinez,29,8561 David Parkways Port Wendychester ND 51932,7534
Adam Morgan,50,874 Zachary Walk Apt. 031 Huntchester NH 75973,3916
Lauren Barnes,48,8504 James Stream Lake Samuelside OH 66063,7535
Lisa Hernandez,29,41891 Luis Loaf Evansshire NM 56590,1336
Jennifer Weber,44,539 Andre Course Jacksonborough OK 09779,3669
Zachary Gonzales,67,6130 Mary Lane North Karen WV 92180,7592
Katelyn Strickland,54,293 Nathan Vista Lake Brandi CO 08229,3525
Tammy Elliott,33,9970 Diana Springs Port Christineland GA 63459,5891
Theresa Galvan,80,790 Smith Knoll Christinemouth MH 45860,8083
Jennifer Chapman,57,2259 Jones Expressway Apt. 832 North Taylor MH 97172,3151
Mark Osborne,63,866 Corey Stravenue Apt. 010 Bradyview OR 03765,2574
Charles Greene,65,805 Long Place Suite 720 West Loriberg AZ 58233,9399
Patrick Gallegos,43,3718 Janet Meadows Apt. 156 West Jameschester SC 48718,9021
Jason Walker,75,1114 Shawn Land Port John PR 41826,7358
Kenneth Page,78,23694 Elaine Lakes Apt. 472 North Ricky AK 36232,5398
Gina Nelson,90,Unit 7999 Box 0965 DPO AA 92692,7931
Stacy Cole,29,59433 Elizabeth Village Suite 409 West Katherinetown OR 74771,7922
Lindsey Davis,65,98308 Debbie Valley Suite 260 Natashatown RI 15548,4053
Anita Smith,73,78555 Baker Highway Suite 406 Williamhaven MO 55964,7979
Aaron Beltran,29,04851 Frank Terrace Apt. 150 North Oliviafurt NY 92505,1662
Daniel Macdonald,83,13637 Alexis Junctions Apt. 308 Cameronton SD 37118,6599
Rebecca Taylor,77,1302 Gomez Shoals Suite 562 Lake Rhondaborough DE 08762,4673
Travis Sanders,100,USS Lewis FPO AP 28221,3540
Jeremy Ross,81,1424 Virginia Knoll Suite 493 Derrickhaven VT 44617,9638
Aaron Moran,98,Unit 8900 Box 6144 DPO AA 48576,9596
Michaela Alvarez,28,355 Daniel Ports Apt. 876 Randyberg SC 17139,5762
Kathleen Carter,77,203 Nicole Square Apt. 047 West Barbara VT 88891,8165
Samantha Evans,28,9004 Pierce Ranch Suite 559 Wellsberg CO 90154,8825
Paige Munoz,56,2174 Rios Tunnel North Lisa WI 08989,3434
Keith Rowe,34,96690 Jones Glen Suite 899 Josephville VA 99587,5921
Edward Wells,49,02406 Foster Curve West Stephaniestad MN 86103,9570
Steven Greene,72,5863 Pena Motorway Susanstad NH 36481,5841
Christina Brown,90,4677 Nicole Cove Apt. 411 Bergerfurt OR 88741,1781
Timothy Beard,88,84699 Andrea Squares Apt. 531 North Renee MH 05089,2253
Mary Armstrong,23,2833 Porter Cliff Lake Michael FL 37384,9411
Lisa Spears,31,4923 Miranda Circle Suite 890 North Danaville MD 16071,9366
Carla Barton,72,PSC 1679 Box 8601 APO AA 57721,7766
Edward Elliott,30,4664 Garcia Ramp Pearsonhaven IL 28735,8612
Timothy Collier,90,2935 Scott Stream Suite 689 Lake Andrew HI 44108,5151
Steven Velazquez,63,85139 Johnson Path Apt. 056 Port Juan MI 96925,5175
Donald Sandoval,92,5863 Rodriguez Underpass South Angela KY 94956,2339
Ryan Barron,82,90096 Shannon Path Suite 891 North Rogermouth CA 18539,1266
Wendy Wright,32,5419 Eduardo Stream Suite 140 Nathanville WI 69429,8583
Matthew Gray,40,983 Brown Harbors Taylorshire PR 61813,3985
Brian Larson,68,96266 Amy Circles Apt. 344 Smithville KS 53585,1741
Jose Carter,28,Unit 2957 Box 5259 DPO AE 54456,7819
Bryan Jones,56,054 Brendan Spring Suite 163 North Mary UT 33966,6143
Janet Davidson,93,866 Cox Port Manningtown SD 43122,8454
Amy Hendricks,75,2853 Larson Lodge East Clifford AS 06594,5342
Cynthia Hansen,61,8406 Jason Corner Suite 404 Lake Sheilachester WI 16529,4066
Scott Perez,45,706 Kristen Park Suite 496 Port Nathan MA 73022,4032
Tony Miller,28,3818 Amanda Mountains Apt. 711 Kevinburgh PA 33016,5248
Maurice Jones,31,Unit 7529 Box 7950 DPO AE 34788,8107
Julia Stevens,86,Unit 2114 Box 6999 DPO AE 92193,1293
Christopher Kaufman,18,606 Elliott Green Apt. 769 Ryanburgh SC 20008,7470
Joseph Williams,32,24780 Kimberly Garden Suite 805 Elizabethbury AZ 35337,1217
Jesse Castillo,39,530 Reed Road Apt. 954 Parkerburgh CA 62285,8817
Karen Golden,76,88117 Browning Islands West Edward ID 90187,7637
Jennifer Kelley,95,1332 Goodwin Island West Juan WA 33418,8974
Ashley Hancock,56,673 William Shoal Port Nicholasside IL 02543,6910
Catherine Carter,68,86688 Susan Tunnel Suite 076 Lake Brooke TX 08957,5958
Shelby Steele,29,12584 Roberts Isle Suite 572 Jonathanborough KS 29996,3049
Nathan Hayes,35,29085 Laura Village Suite 988 West Craigstad MD 44331,1227
David Chan,42,87485 Clark Court Carpentertown SD 48527,2833
Michael Burton,20,00919 Nguyen Dale North Jessica MS 50670,4083
Patrick Keith,21,2732 Deborah Highway Coleville ID 01982,4428
Matthew Williams,79,955 Hood Branch Apt. 797 East Shelleychester ND 27271,3378
Jason Sanchez,48,Unit 3348 Box 9099 DPO AE 00736,8139
Kimberly Howard,98,5569 Gutierrez River Apt. 668 Vasquezchester PA 91353,9824
Phillip Martinez,42,88925 Timothy Junctions Suite 211 West Anthonymouth PW 42459,2410
Patrick Sharp,56,PSC 0572 Box 7840 APO AE 71515,8592
Jennifer Barnes,36,59675 Blanchard Forge Garcialand AK 28761,8765
Eric Brandt,72,79240 Hughes Lights Suite 079 East Johnport LA 69542,1357
Susan Farmer,32,12451 Jones Brook West Donna IN 91927,3721
Haley Smith,37,980 Steven Ranch Apt. 671 Willieton RI 91041,8295
Matthew Roberts,80,PSC 0778 Box 5362 APO AE 10346,8724
Adam Greer,20,93480 Amanda Streets Frederickmouth VA 26582,8364
Anita Hardy,92,546 Wayne Plains South Jessicaland MA 44663,4975
James Palmer,43,6903 Jasmine Row Suite 989 North Natalie FL 32104,5830
William Rodriguez,90,3645 Jonathan Via Apt. 104 Brittneyburgh PW 21256,7418
Stacy Dunn,24,959 Garza Light Apt. 724 Breannastad MD 55930,6469
Kenneth Townsend,19,4030 Trevino Fields Andersonstad NV 78798,2682
Valerie Dixon,98,9152 Thompson Mill Apt. 891 Brianburgh WA 75030,8074
Aaron Callahan,71,5218 Wilson Forges Suite 309 Smithhaven OH 94375,9121
Taylor Alvarez,92,2793 Erik Mount Apt. 007 Lake Jonathanmouth IN 20556,5764
Ivan Reeves,22,327 Ford Plains Apt. 932 Houstonberg CT 73214,8987
Robert Mcguire,69,620 Amy Ferry Suite 690 West Amber PW 21549,8964
Brittany Stanley,83,5474 Jackson Squares Apt. 491 East Sara ME 75873,8993
Omar Evans,47,PSC 8006 Box 5370 APO AE 03429,1994
Joyce Taylor,85,292 Nancy Motorway Suite 939 Brandonberg NY 74140,1311
Jodi Carlson,72,1974 Dunn Light Suite 809 Singletonfurt OH 83543,6174
Tyrone Brooks,88,5170 Anthony Ramp Suite 888 Valdezborough LA 02078,2040
Matthew Rodriguez,52,035 Kyle Burgs Apt. 603 Williambury NV 79580,7834
Jeremy Clark,78,1853 Jennifer Mountain South Donaldmouth MD 25550,2915
Edward Heath,81,04027 Sara Extensions Apt. 399 Nealshire MP 84681,6681
Crystal Jones,75,727 Elizabeth Isle Apt. 347 Lake Jackview GU 65380,8147
David Reynolds,20,898 Seth Orchard Suite 451 New Kyle NJ 59107,3643
Katie Dixon,54,5431 Moore Road Suite 072 East Jennifershire ID 61590,4149
Christina Garcia,78,62790 Tucker Corner New Anthony CT 71735,6633
Bonnie Garcia,74,6143 Brett Mills Apt. 035 West Johnmouth AZ 65177,4802
Andrea Williams,82,6597 Olson Stravenue Cooperland AS 03379,4599
Tammy Bennett,93,024 Andrea Glens South Tammy GU 91911,6556
Brandi Valenzuela,95,954 Glover Mountains Suite 180 Jonathonshire MH 15325,8675
Kelsey Edwards,34,434 Erik Mall West William OK 47267,5806
Deborah Watkins,67,4324 Barton Viaduct South Tiffany CA 93520,7829
Jason Johnson,64,4991 Odonnell Neck Suite 615 West Mariafort AZ 04992,8738
Patrick Logan,38,2170 Bradshaw Ways Suite 108 Rossborough VI 82744,4394
Stephanie Snyder,54,251 Ryan Fort Lake Tiffany CO 64795,2412
Gregory Mitchell,79,92880 Cook Common Suite 617 Robertside MP 10542,3115
Steven Jones,40,USCGC Peterson FPO AP 28820,4268
Alexandra Erickson,38,541 Tracey Manors Mariabury VI 64691,9063
Christian Gill,30,69204 Zachary Fort South Ryan KY 61187,7815
Joshua Carey,81,95770 Linda Row Apt. 796 Murraytown IL 71629,5975
Leslie Hogan,48,478 Snyder Path Suite 829 Matthewmouth CT 69494,4431
Dustin Ware,89,4992 Friedman Mountains Apt. 419 North Anna NC 22347,1770
Joshua George,20,36711 Lindsey Drives Port Andrewfort GU 12665,6878
Samantha Key,51,PSC 5292 Box 8467 APO AP 28565,6849
Taylor Zimmerman,38,PSC 0193 Box 0501 APO AP 10802,3862
Kristen Taylor,82,2882 Laura Manors New Daniel MT 13845,1523
Amanda Cox,26,99087 Meredith Falls Everettbury SC 79228,6533
Russell Harris,73,5467 Brett Roads South Gabriela DE 36240,2867
George Payne,97,171 Bradley Plaza Apt. 184 Paulhaven ME 35363,4714
Michael Jones,33,Unit 8509 Box 2062 DPO AA 27937,4671
Kimberly Alvarez,80,262 Hayes Manors Matthewside NC 01345,5224
Peter Beck,61,751 Abbott Creek South Patrick PW 01281,6820
Sharon Chen,23,52901 Andrea Trail Suite 474 North Nicholas GU 31903,5382
Patrick Cooper,37,71401 Miranda Street Dustinstad MP 83384,9444
Edgar Odonnell,95,9881 Susan Way Suite 048 New Cory IN 15820,2706
Shannon Kim,24,44812 Taylor Port Farrellton IL 69260,8173
Savannah Hill,76,535 Benitez Estate East Joe UT 29691,2817
Gabriel Mays,31,PSC 5824 Box 8890 APO AE 27682,2669
Heather Vaughn,89,035 Harrison Coves North Russellborough DE 81456,1687
James Hinton,82,3698 Costa Coves Apt. 031 New Margaret WY 57900,2727
Christopher Russell,39,3135 Michael River Lake Emily GU 94133,2934
Andrew Green,44,60698 Jimmy Forge Bradleymouth KY 21213,6925
George Hogan,38,961 Shawn Mountain Apt. 856 Lake Alicia TX 60004,5786
Christian Russell,74,2748 Freeman River Suite 659 Reginashire ND 52995,9288
Daniel Greer,81,5887 Howard Avenue Apt. 342 East Jose FL 85893,2626
Kathleen Myers,37,323 Castillo Wall Apt. 296 Cobbchester MA 87875,6959
Abigail Peterson,60,6976 Tyler Pike Suite 019 Hollowaymouth DC 27833,3257
Nathaniel Dillon,33,9239 Smith Fords Suite 582 Haroldland NY 81717,4307
Christopher Colon,74,57989 Andersen Gateway North Lawrence SC 65045,7811
Sean Kaiser,18,8181 Ralph Camp East Charles SC 08139,5019
Heather Morris,78,5977 Jennifer Ridges Suite 579 West Jessicachester VT 43939,6592
Jason Brown,54,56310 Carla Mill Suite 304 Johnsonshire AK 73330,9274
David Perez,39,8749 Alvarez Parkway South Adam SD 72848,2396
Derek Shields,52,66504 Kramer Center Fisherton NH 53752,7101
Tabitha Allen,71,USCGC Thomas FPO AP 45618,6908
Elizabeth Austin,98,1949 Powell Lodge Patriciabury HI 35121,5021
Barbara Martinez,37,22743 Timothy Junction Andremouth MP 50473,9677
William Newton,71,788 Taylor Viaduct Dakotaland DC 08194,4738
Ruth Robbins,35,99690 Danielle Hollow Apt. 191 Sharonside WA 37316,8025
Wayne Kennedy,70,595 Andrew Trail Suite 738 Coxberg AZ 01209,7706
Nathan Lynch,76,253 Michelle Villages Suite 589 Gonzalestown MI 12780,9456
David Hendrix,64,14533 Daniel Corner Sheilaberg WV 96902,1487
Alan Mueller,74,USNV Keller FPO AP 62599,3385
Katherine Richards,19,3551 Linda Shores North Lisa KS 70080,9476
Jacob Preston,26,PSC 4001 Box 7293 APO AA 91017,2389
Diane Gonzalez,61,50736 Kent Greens Vargasview LA 75934,6157
Jacob Allen,69,186 Sanchez Cove South Amberburgh LA 19428,3692
Jasmine Johnson,73,621 Kathryn Run Mathisside VI 40302,2007
Christopher Lloyd,68,0699 Dawn Drive Apt. 241 Jordanchester CA 58869,1607
Rebecca Dawson,100,849 Stephen Stravenue Kellytown RI 47005,3473
Laura Reyes,91,44612 Sean Club Singhtown NM 47703,1947
Erika Owens,98,1093 Andrade Club North Michelleport NC 34107,9516
Susan Miles,55,5446 Samuel Stravenue Suite 966 Goodmanmouth SD 28858,7869
Michael Barnett,69,77938 Aaron Squares Suite 007 Sotoshire TX 02651,5986
Jenna Stewart,58,110 Julie Island Rodriguezstad MS 07238,6638
Sarah Ward,19,159 Carla Isle Apt. 668 Rileyton AS 08217,5583
David Wood,85,200 Mercado Manor South Alexandermouth GU 88216,3406
Tina Flores,69,98726 Sheri Harbor Johnsonburgh RI 17204,8310
Monica Francis,100,153 Lisa Mountains Suite 216 Hannahton MP 51505,4360
Christine Edwards,87,879 Collins Lakes Tiffanyland MH 24131,8244
Jose Clark,62,43888 Brandt Lodge New Maria WV 46383,7627
Melissa Macdonald,43,1316 Nguyen Forge Apt. 497 East Kimberly NC 07256,5940
Cynthia Mann,28,1835 Phyllis Court Port Johnberg NV 16400,1605
David Bowers,86,725 Salazar Plaza Stokesview MI 98532,6480
Justin Kirby,67,8190 Kirby Parkway East Betty CT 74539,3064
Allison Roberson,84,412 Brandon Throughway Suite 509 Lake Shannonchester CO 70725,9860
Cynthia Dyer,54,24303 Kimberly Plaza Richardview VI 91819,4501
Christopher Howard,29,583 Hoover Well Suite 211 Toddberg FM 99233,9383
Karen Lucero,88,097 Carlson Dale Lake Stephen ND 81233,6115
Kelsey Arnold,84,73888 Valdez Squares Jenniferburgh FL 37408,6582
Sharon Cole,99,USNV Phillips FPO AE 04635,3621
Robert Grimes,20,41390 Jeffrey Passage Jamesstad PR 85861,1456
Jason Ewing,87,29195 Thompson Drive East Jeremy NH 99860,5238
Heather Diaz,48,7240 Bush Divide Suite 014 New Leslie FM 27282,5979
Whitney Matthews,72,764 Samuel Turnpike Apt. 957 West Christina MP 64337,9278
Lisa Christensen,32,877 Singleton Mission South Nicholasmouth OH 52738,1982
Paul Torres,65,53308 Richardson Parkways Apt. 287 Chandlerland CT 36465,5255
Margaret Brown,98,236 Mitchell Summit Apt. 274 West Alyssa NJ 73911,9314
Michael Lee,63,2563 Noah Parkway Apt. 781 Tinaland UT 20305,3028
Samantha Macias,24,129 Stone Fall Foxbury PA 35125,3043
William Arroyo,75,330 Amber Well Christopherport MP 22942,5881
Alyssa Long,91,035 Russell Terrace Kingtown FL 64620,1085
Jason Hernandez,76,9629 Kirby Road Apt. 203 West Carolynton IL 39668,6553
Hannah Gates,48,999 Brown Springs Suite 257 Josephtown WA 95041,9737
