id,name,table_i
0,Deborah Morgan,654
1,Robert Kennedy,25
2,Kristin Watkins,250
3,Kevin Wilkerson,142
4,Brian Gates,692
5,Johnny Stein,604
6,Lauren Roman,32
7,Brandon Mendoza,95
8,Theresa Turner,238
9,Heather Buchanan,574
10,Christian Hart,733
11,Travis Patterson,225
12,David Smith,603
13,Leonard Washington,6
14,Tyler Parsons,714
15,Janet Wade,348
16,Mariah Perez,159
17,Rachel Thompson,781
18,Karen Moreno,104
19,Jasmine Cox,389
20,Michael Mccarthy,367
21,Robert Peterson,618
22,Sarah Mullins,44
23,Amy Huber,549
24,Susan Lopez,387
25,Matthew Jones,565
26,Steven Murray,643
27,James Valdez,591
28,Michael Jefferson,721
29,Adam Tucker,46
30,Randy Anderson,791
31,Daniel Pearson,81
32,Jean Lloyd,103
33,Jennifer Howard,284
34,Linda Beck,650
35,Brendan Morgan,166
36,Chelsea Harris,363
37,Debbie Collins,686
38,Allen Gonzalez,718
39,Gerald Lawson,623
40,Monica Zuniga,546
41,Lauren Decker,167
42,Christopher Gilbert,388
43,Monica Garcia DDS,655
44,Angel Salinas,701
45,Alyssa Barrett,786
46,Kelly Harris,234
47,Julia Williams,323
48,Jared Wilson,274
49,Brittany Pope,216
50,Heidi Cochran,217
51,Kyle Saunders,405
52,Brendan Robbins,146
53,Holly Morgan,142
54,Steven Jimenez,762
55,Devin Briggs,764
56,John Johnson,597
57,Darlene Smith,370
58,Kenneth Johnson,141
59,Michelle Snow,93
60,Robert Morales,112
61,Shane Hayes,642
62,Jeffrey Marquez II,696
63,Mikayla Jackson,610
64,Daniel Ferguson,394
65,Tiffany Smith,610
66,Victoria Flores,541
67,Wendy Smith,566
68,Amber Aguilar,696
69,Kim Bryant,698
70,Mr. Austin Gamble DDS,787
71,Donald Green,114
72,James Jackson,445
73,Joshua Sullivan,464
74,Andrew Forbes,739
75,Latoya Mcguire,512
76,James Butler,519
77,Mary Hubbard,640
78,Cameron Murphy,654
79,Meghan Miller,156
80,Adam Carter,780
81,Tyler Gomez,552
82,Jonathan Conrad,613
83,Jeffrey Miller,500
84,Lee Lee,114
85,Kyle Klein,314
86,David Simpson,59
87,Mary Willis PhD,580
88,Jennifer Garcia,87
89,Daniel Jackson,70
90,Gabriel Castillo,131
91,Christopher Decker,562
92,Timothy Trujillo,271
93,Jennifer Schultz,216
94,Vanessa Bennett,730
95,Jose Jordan,408
96,Sharon Anderson,448
97,Stephanie Clay PhD,123
98,James Long,230
99,Megan Weber,346
100,Jimmy Mccormick,602
101,Michael Vincent,602
102,Stephen Carter DDS,7
103,Heather Aguilar,724
104,Diane Garza,234
105,Brian Harper,32
106,Jamie Mercer,72
107,Vanessa Walker,285
108,Jacob Martin,219
109,Emily Matthews,740
110,Paige Arnold,248
111,Nicole Haley,416
112,Kevin Robbins,96
113,David Barnes,674
114,Gregory Patterson,362
115,Tiffany Baker,420
116,Joanna Farrell,746
117,Ronald Hahn,689
118,Darryl Haley,62
119,Jason Pierce,745
120,Lori Lee,111
121,Mark Weiss,196
122,Krystal Bautista DDS,549
123,Carlos Fletcher,143
124,Carlos Wright,187
125,Joseph Aguilar,473
126,Kimberly Smith,77
127,Trevor Smith,563
128,Monica Jones,51
129,Michelle Hill,95
130,Kevin Baldwin,170
131,Jason Daniels,497
132,Jesse Boyle,218
133,Kelly Goodman,60
134,Alejandro Meyer,388
135,Yvette Cook,399
136,Danielle Parrish,465
137,Olivia Morales,433
138,Michael Martinez,158
139,Sharon Wheeler,303
140,Mrs. Samantha Green,59
141,Susan Mcintosh,765
142,Vanessa Price,58
143,Brooke Bush,598
144,Kimberly Cook,514
145,Anna Sims,58
146,Phillip Moreno,190
147,Scott Soto,609
148,Ryan Swanson,691
149,Kaitlin Manning,413
150,Jamie Herman,583
151,Allison Wilson,592
152,Cassandra Williams,634
153,Daniel Dillon,429
154,Philip Petersen,267
155,Patricia Hernandez,685
156,Monique Henderson,244
157,Courtney Garza,405
158,Samuel Simpson,687
159,Dr. Joseph Maldonado DDS,468
160,Kathleen Schultz,769
161,Eric Swanson,9
162,Ryan Mcintyre,636
163,Stephanie Austin,75
164,Ronald Duncan,518
165,Xavier Anderson MD,135
166,Melinda Collins,70
167,Casey Brown,378
168,Melissa Williams,161
169,Cody Bennett,556
170,Melissa Webb MD,626
171,Antonio Ramirez,683
172,Larry Reed,679
173,Thomas Andersen,137
174,Susan Hardy,118
175,Hannah Hall,760
176,Andrea Fuller,278
177,Ashlee Andersen,619
178,Michael Saunders,734
179,Frank Wallace,208
180,Phillip Neal,517
181,Kelly Vega,257
182,Jennifer Hays,94
183,Carolyn Shaw,283
184,Christopher Gonzalez,3
185,Adrienne Martin,789
186,Steven Klein,652
187,John Bartlett,165
188,Jeffrey Rosales,564
189,Kathryn Moore,574
190,Rebecca Watson,114
191,Eric Evans,707
192,David Berg,558
193,Michelle Duke,378
194,Janice Lewis,440
195,Alexis Gomez,42
196,Jordan Quinn,373
197,Michael George,366
198,Terry Howard,698
199,Megan Monroe,682
200,Brenda Cruz,362
201,Christopher Lin,635
202,Edward Scott,242
203,Thomas Shah,181
204,Sarah Moore,25
205,Wanda Kennedy,754
206,Daniel Bowman,421
207,Jillian Evans,273
208,Howard Myers,718
209,Jesse Miller,391
210,Jacob Jefferson,481
211,Heather Lawson,204
212,Joseph Martin,358
213,Laura Copeland,233
214,Sierra Johnson,24
215,James James,408
216,Joanna Tapia,285
217,Patrick Lang,791
218,Dennis Donovan,359
219,Beth Jefferson,695
220,Cheyenne Nguyen,28
221,Jeffery Miller,267
222,Thomas Cole,594
223,Emily Hartman,39
224,Emma Roberson,610
225,William Carter,353
226,Brian Henry,446
227,Megan Burke,394
228,Mr. Allen Weeks,260
229,Patricia Estrada,725
230,Laura Woodard,1
231,Lauren Evans,372
232,Lauren Parker,71
233,Melanie Gonzalez,638
234,Casey Leonard,679
235,Christopher Olson,737
236,Patrick Roberts,519
237,Katie Vargas,682
238,James Gallagher,334
239,Lisa Wright,713
240,Anne Robinson,567
241,Anthony Lee,196
242,Michael Jones,680
243,Kyle Lee,693
244,Gail Branch,630
245,Jessica Calhoun,415
246,Christopher Neal,311
247,Rebecca Watts,215
248,Angelica Perez,593
249,Mary Stout,476
250,Ian Lewis MD,452
251,Dean Calderon,523
252,Jeffrey Garrett,753
253,Justin White,674
254,Amy Harris,290
255,Brandy Green,95
256,Jason Little,688
257,Jennifer Jimenez,230
258,Jennifer Waters,150
259,Kevin Lopez,47
260,Kiara Blanchard,486
261,Jessica Pierce,466
262,Joseph Wells,644
263,Kevin Bradley,735
264,Peter Cochran,506
265,Megan Castaneda,249
266,James Martin,671
267,Heather Ho,768
268,Lindsey King,797
269,Charles Bautista,224
270,Krystal Bowman,712
271,Shannon Dean,51
272,Kathleen Brewer,124
273,Mary Dixon,136
274,Caitlyn Mendez,683
275,Holly Johnson,773
276,Jared Walker,627
277,Jessica Patrick,561
278,Judy Newton,162
279,Lisa Williams,460
280,William Hernandez,769
281,Connie Jones,652
282,Barbara Morris,784
283,Nicole Marquez,641
284,Anita Ford,281
285,Joseph Ruiz,79
286,Robert Porter,240
287,Paula Henderson,343
288,Abigail Brown,553
289,Brianna Ramirez,141
290,Terry Smith,236
291,Allison Smith,710
292,Michelle Nguyen,723
293,Courtney Watkins,65
294,Meagan Schroeder,417
295,Emma Aguilar,555
296,William Taylor,425
297,Kelly Rodriguez,211
298,Sean Perez,398
299,Jessica Johnson,783
300,Mark Davidson Jr.,488
301,Kimberly Ware MD,360
302,Dennis Farmer,771
303,Michael Gilbert,429
304,Barbara Larson,499
305,Joan Burns,279
306,Pamela Bell,497
307,Joshua Henderson,398
308,Madison Wilson,684
309,Sarah Jones,741
310,Michael Salas,478
311,Chelsey Campbell,637
312,Dr. Amanda Evans,403
313,Adam Lynn,85
314,Bobby Cherry,138
315,Jonathan Thompson,186
316,Thomas Rowe,266
317,Stephanie Aguirre,335
318,Ralph Poole,465
319,Garrett Warner,345
320,Thomas Young,284
321,John Graham,258
322,Thomas Kim,481
323,Christine Richardson,767
324,Ariel Gates,358
325,Scott Wolfe,665
326,Jonathan Williamson,799
327,Gregory Perry,772
328,Karen Fernandez,253
329,Casey Mason,20
330,Betty Cruz,244
331,Linda Morrison,484
332,Shawn Hanson,577
333,Melissa Vaughn,476
334,Melissa Alexander,785
335,Caleb Miller,171
336,Cesar Brown,796
337,John Marshall,318
338,Christine Long,592
339,Antonio Webb,319
340,Andrew Malone,406
341,Kenneth Randolph,77
342,Kathryn Johnson,104
343,Kevin Lynch,700
344,Dean Leonard,579
345,Tina Hughes,355
346,Troy Fisher,677
347,Jordan Potter,70
348,Sara Fuller,12
349,Maria Bernard,501
350,Steven Lin,443
351,Lauren Peterson,650
352,Tonya Austin,724
353,Frederick Davis,445
354,Valerie Spencer,751
355,Corey Peters,630
356,Teresa Turner,476
357,Michael Bass,748
358,Justin Brown,330
359,Jason Craig,88
360,Justin Durham,461
361,Randall Little MD,768
362,Lisa Miller,583
363,Lisa Macias,344
364,Andrea Alvarez MD,506
365,Steven Griffith,186
366,Bonnie Huff,217
367,Tyler Reed DDS,264
368,Jason Mckenzie,286
369,Samantha Rice,569
370,Sara Jennings,529
371,Jesse King,87
372,Monique Buchanan,737
373,James Nguyen,500
374,Hannah Alvarado,707
375,Amy Jones,661
376,Tracey Chang,458
377,Edward Taylor,95
378,Sean Bowman,226
379,Samuel Collins MD,708
380,Eileen Noble,313
381,Ashley Smith,484
382,Jeffrey Martin,435
383,Jessica Roy,360
384,Sonya Buck,277
385,Jay Costa,257
386,Paul Graves,123
387,Jeffrey Welch,323
388,Nicholas Sanchez,760
389,Ashley James,196
390,Todd Gomez,756
391,Jonathan Craig,283
392,Leslie Austin,102
393,Amanda Fritz,303
394,Christopher Martinez,369
395,Karen Blake,309
396,Cheryl Pittman,725
397,Darren Bates,280
398,Ryan Green,55
399,Frank Crawford,714
400,David Morton,653
401,Michael Davis,105
402,Cathy King,587
403,Matthew Hill,480
404,Dawn Davis,451
405,Mr. Melvin Buchanan,188
406,James Huffman DVM,258
407,Charles Jones,116
408,Christopher Scott MD,410
409,David Baker,75
410,Manuel Johnson,155
411,Chelsea Gonzalez DVM,576
412,David Hoffman,87
413,Norma Norris,121
414,Wesley Burton,620
415,Brenda Lynn,794
416,John Sutton,461
417,Melinda Caldwell,304
418,Rebecca Watson,312
419,Sarah Oconnor,624
420,Catherine Banks,781
421,Gary Long,640
422,Dr. Andrea Rangel,270
423,Bryan Francis,160
424,Zachary Juarez,177
425,Karen Bush,160
426,Alexander Arroyo,418
427,Brandon Berg,705
428,Marcus Hall,298
429,Belinda Evans,237
430,Brian Chandler,723
431,Meghan Sanchez,719
432,Pamela Daniels,72
433,Brandon Harvey,270
434,Nathaniel Blake,435
435,Stephen Rasmussen,557
436,Edward Barrett,663
437,David Woodward,272
438,Mr. Gregory Smith,73
439,Adam Acevedo,169
440,Nicole Rivera,609
441,Ryan Kennedy,449
442,Jessica Mccarty,479
443,Elizabeth Stewart MD,716
444,Steven Lewis,278
445,Crystal Garza,448
446,Tyler Dorsey,612
447,Amber Hughes,442
448,Nicholas Garcia,618
449,Barbara Bruce,26
450,Paul Murillo,234
451,Jesse Patel,783
452,Amanda Jordan,590
453,Dawn Haley,781
454,Emily Hatfield,481
455,Catherine Whitehead,284
456,Marcus Walters,599
457,Jordan Petersen,650
458,Jeremy Hall,93
459,Keith Duffy,356
460,Michelle Garner,341
461,Linda Wells,686
462,David Lowe,164
463,Dean Berry,421
464,Allison Martin,295
465,John Perry,778
466,Erica Jordan,465
467,Courtney Taylor,322
468,Aaron Patel,331
469,Riley Clark,791
470,Ashley Daniel,526
471,Ricardo Vasquez,673
472,Mike Kelly,423
473,Joshua Jones,192
474,William Martinez,637
475,Pamela Villanueva,640
476,Kathy Wright,778
477,Timothy Hayden,208
478,Nicholas Brandt,562
479,Melissa Mckenzie,294
480,Samuel Cameron,715
481,David Ramsey,124
482,Olivia Hansen,645
483,Alexis Rodriguez,726
484,Julie Crawford DVM,318
485,Amanda Baker,565
486,Michael Rich,95
487,Elizabeth Thomas,116
488,Joseph Anderson,120
489,Shannon Mcdaniel,510
490,Mark Valdez,521
491,Tyler Rivera,425
492,Timothy Coleman,483
493,Hector Rowe,467
494,Stephanie Horton,392
495,Courtney Williams,613
496,Patrick Wilson,71
497,Melissa Blair,791
498,Diane Bishop,348
499,Heidi Cooper,2
500,Elizabeth Blackburn,743
501,Michael Hamilton,601
502,Lisa Lyons,152
503,Sean Hayes,551
504,Alexis Romero,353
505,Kyle Holmes,565
506,Richard Henry,466
507,Deborah Lee,193
508,Cheryl Montgomery,585
509,Brittany Mcdonald,239
510,Keith Alexander,44
511,Rebecca Davis,762
512,Sarah Stewart,722
513,Drew Jones,395
514,Sarah Foster,507
515,Brianna Farrell,129
516,David James,102
517,Kristin Mcknight,102
518,Michael Nichols,15
519,Dwayne Martin,419
520,Johnny Schroeder,76
521,Jacqueline Stanley,271
522,Amber Martin,638
523,Cindy Nguyen,665
524,Ronnie Thomas,336
525,Jody Murphy,324
526,Jennifer Murphy,554
527,Alvin Stein,632
528,Andrew Evans,240
529,Thomas Smith,232
530,Timothy Lee,444
531,Stacey Oliver,778
532,Phillip Johnson,454
533,Manuel Baldwin,710
534,Mark English,29
535,Daniel Silva,332
536,Christopher Roberson,300
537,Nicole Jimenez,383
538,Sean Gilbert,149
539,Dennis Leon,543
540,Tyler Ford,579
541,Jonathan Miranda,174
542,Amanda Ochoa,80
543,Tyler Bautista,634
544,Carrie Hodges DDS,509
545,Dr. Christopher Campbell Jr.,237
546,Fred Lambert,653
547,Leroy Moran,470
548,Daniel Kelly,682
549,James Edwards,476
550,Melissa Savage,693
551,Kirk Schaefer,75
552,Deborah Mendoza,353
553,Douglas Lloyd,654
554,David Moore,706
555,Angela Wells,467
556,Matthew Dyer,203
557,Blake Perez,494
558,David Hunter,242
559,Shelley Thomas,585
560,Justin Fitzgerald,588
561,Wayne Love,716
562,Wayne Johnson,22
563,Tammy Rodriguez,281
564,Joshua Horton,579
565,Randy Newman,620
566,Joshua Osborne,293
567,Madeline Hughes,621
568,Mr. David Carter,224
569,Kelly Mccoy,635
570,Gina Holt,694
571,Gregory Newton,643
572,Sandra Torres,642
573,Peter Lewis,316
574,Shelby Cohen,34
575,Steve Wallace,749
576,Amanda Andrews,92
577,Kayla Walker,334
578,John Bryant,179
579,Jeremy Rice,135
580,Carlos Baker,543
581,Jeremy Smith,168
582,Shawn Jimenez,493
583,Francisco Gomez,764
584,Ashley Stone,117
585,Joshua Baker,77
586,Ronald Smith,772
587,Karen Woodward,692
588,Kevin Morales,570
589,Brian Shelton,92
590,Martin Lopez,14
591,James Lewis,549
592,Kristin Rodriguez,465
593,Sandra Rivera,688
594,Aaron Clark,598
595,Dawn Anderson,653
596,Larry Underwood Jr.,110
597,Rebecca Peck,482
598,Tracy Peterson,634
599,Brian Brennan,624
600,Michele Smith,663
601,David White,650
602,Lisa Higgins,717
603,Johnny Hughes,664
604,Ana Shepherd,119
605,Jennifer Moran,46
606,Christopher Fisher,311
607,Brian Kelly,118
608,Manuel Torres,240
609,Christopher Smith,397
610,Martin Jones,379
611,Lisa Brown,601
612,Tina Johnson,424
613,Andrew Jackson,501
614,Ryan Carter,286
615,Amanda Allen,706
616,Sarah Lee,222
617,Stephanie Smith,455
618,Kim Ramirez,371
619,Billy Fisher,702
620,Cassandra Powell,557
621,Ashley Burke,62
622,Denise Hicks,282
623,Dawn Montes,125
624,David Munoz,93
625,Mr. Bryan Walker,657
626,Kristina Brown,51
627,Jesse Morgan,249
628,Jimmy Martin,578
629,Connie Clark,70
630,Maria Dunlap,600
631,Timothy Wolfe,238
632,Katrina Diaz,792
633,Kathryn Wallace,610
634,Michael Dean,283
635,Nathan Jefferson,133
636,Alejandro Bond,178
637,Mario Smith,676
638,Richard Frazier,134
639,Michael Clay,366
640,George Nichols,602
641,Nicole Harris,16
642,Claire Frye,271
643,David Bradley,129
644,Jennifer Ellison,538
645,Brian Henderson,763
646,Patrick Sherman,487
647,Sharon Jenkins,796
648,Ryan Williams,525
649,Ethan Carey,462
650,Gina Lambert,629
651,Spencer Adams,744
652,Jessica Garcia,469
653,Stephanie Gillespie,62
654,James Brown,411
655,Elizabeth Mccormick,702
656,James Tate,502
657,Kerry Schmitt,75
658,Brian Hall,329
659,Stephanie Johnson,67
660,Holly Donovan,281
661,Brian Fox,390
662,James Best,464
663,Michelle Rivers,101
664,Brian Hernandez,670
665,Jessica Williams,440
666,Kimberly Lang,233
667,Lauren Bass,347
668,Jorge Lopez,408
669,Angela Flowers,747
670,Amanda Peck,320
671,Taylor Martinez DVM,320
672,Kim Compton,383
673,Hannah Le,703
674,Joshua Finley,68
675,Dr. Travis Garcia,87
676,Amanda Crawford,442
677,Alexander Wood,762
678,Philip Wilson,133
679,Dustin Fisher,600
680,Brooke Cole,686
681,Karen Nunez,420
682,Kristi Shields,681
683,Natasha Walls,738
684,Amy Flynn,294
685,Michael Velez,360
686,Xavier Collier,591
687,Melinda Collins,158
688,Linda Lawson,229
689,Meghan Smith,358
690,Miss Shelly Taylor,117
691,Jessica Garcia,587
692,Michele Morrow,439
693,Kari Parker,623
694,Joseph Rodriguez,29
695,Carl Jones,279
696,Paul Newton,347
697,Katie Gross,6
698,Martha Harper,146
699,David Reed,71
700,Samantha Mccoy,758
701,Randy Myers,93
702,Heather Warren,385
703,Emily Herrera,464
704,Ethan Ramirez,161
705,Michael Howe,319
706,Timothy Delacruz,795
707,Andrew Anderson,53
708,Charles Gilbert,161
709,Phillip Salazar,690
710,Ryan Rivera,278
711,Brandon Murray,677
712,Adam Gomez,497
713,Jeanette Johnson,424
714,Shawn Russell,220
715,Katherine Carey,353
716,Michael Daniels,113
717,Kimberly Kline,694
718,Daniel Jackson,539
719,Douglas Smith,46
720,Tammy Williams,404
721,Denise Scott,7
722,Eric Weber,308
723,Elizabeth Barnes,785
724,Kelly Weber,782
725,Brooke Jones,296
726,Sylvia Brown,122
727,Shawn Graves,509
728,Bryan Bautista,179
729,Miguel Knight,389
730,William Lewis,512
731,Gary Tapia,73
732,Melinda Holt,759
733,Jonathan Carroll,446
734,Cynthia Payne,470
735,Diana Boone,320
736,Dr. Brittany Jones PhD,587
737,Jason Thompson,726
738,Juan Myers,296
739,Denise Davis,414
740,Natalie Mills,332
741,Trevor Singh,632
742,Monique Sanchez,706
743,Anthony Perez,90
744,Glen Flores,108
745,Pedro Chase,446
746,Natalie Giles,536
747,Lisa Martin,405
748,Mitchell Kerr,763
749,Melissa Robinson,226
750,Andrew Sanders,797
751,Travis Martinez,78
752,Brendan Montgomery,543
753,Theresa Johnson,794
754,Nicole Wilson,359
755,Gordon Walker,241
756,Gabriella Klein,149
757,Rachel Castillo,202
758,Timothy Lyons,616
759,Kyle Jones,778
760,Adam Fisher,181
761,Lisa Martinez,475
762,James Haney,697
763,James Solis,642
764,Sandra Morris,154
765,Victoria Ali,69
766,Jennifer Williams,452
767,Jesse Mason,281
768,Cristian Flores,360
769,Steven Davis,317
770,Cheryl Watts,462
771,Rebecca Hutchinson,58
772,Russell Richards,293
773,Peter Rodriguez,660
774,Charles Coleman,629
775,Molly Rodriguez,473
776,Jerry Jones,460
777,Anna Bates,329
778,Kara Garcia,513
779,Heather Pineda,63
780,Barry Turner,105
781,Julie Huff,731
782,David Wilkins,516
783,Heather Williamson,40
784,Angela Dunlap,724
785,Scott Bishop,449
786,Dawn Patel,372
787,Brandi Garner,289
788,Michael Duncan,418
789,Robert Jones,695
790,Mark Kirby,646
791,Rhonda Bowman,67
792,Jonathan Gardner,96
793,Brandon Brooks,290
794,Cynthia Harris,741
795,Janet Gutierrez,341
796,Donna Kline,596
797,Lori Weber,358
798,Pamela Lyons,671
799,Jonathan Johnson,132
800,Jennifer Williams MD,317
801,Heidi Suarez,658
802,Joseph Hill,130
803,Autumn Shepard,661
804,Olivia Douglas,520
805,Shawn Anderson,18
806,Carla Meyer,316
807,Mary Jones,219
808,Richard Dickson,784
809,Gregory Myers,196
810,Michael Lane,140
811,Christina Hanson,79
812,April Ramos,103
813,Richard Hughes,677
814,Ronnie Munoz,784
815,Wayne Mcbride,611
816,Dalton Berry,157
817,Daniel Harris,185
818,Sarah Francis,738
819,Craig Lynch,44
820,Thomas Morse,373
821,Jill Burgess,454
822,Gina Martinez,770
823,Adam Floyd,239
824,Steven Turner,316
825,Timothy Harris,198
826,Jessica Li,694
827,Jeanette Peterson,472
828,Megan Beard,796
829,Kyle Cruz,514
830,Abigail Vance,165
831,Amber May,619
832,Danielle Gallagher,256
833,Debbie Elliott,656
834,Edward Watkins,380
835,Monica Haynes,728
836,Melody Cox,291
837,Rachael Peterson,781
838,Angie Mclean,279
839,Amy Suarez,525
840,Gary Reilly,447
841,Samantha Turner,227
842,Richard Melton,357
843,Veronica Atkinson,424
844,Jason Butler,405
845,Connie Griffin,241
846,Theodore Sanchez,83
847,Pamela Salazar,229
848,Ronald Peterson,326
849,Heather Martin,731
850,Anthony Campos,149
851,Michael Brown,39
852,Janet Collins,483
853,Connor Raymond,777
854,Nicole Fuller,459
855,Amy Roy,81
856,Angelica Mcgee,262
857,Crystal Myers,153
858,Drew Simpson,113
859,Calvin Carter,243
860,Michael Wyatt,124
861,Vanessa Richard,244
862,Daniel Jones,654
863,Spencer Scott,64
864,Nicholas Lopez,511
865,Patricia Morales,647
866,Linda Cook,735
867,Jacqueline Mcdowell,298
868,Gary Valenzuela,1
869,Eric Rasmussen,246
870,Lisa Green,191
871,Timothy Price,536
872,Curtis Mitchell,69
873,Jennifer Taylor,399
874,Joshua Smith,44
875,Jennifer Lopez,382
876,Kimberly Ayers,765
877,Patricia Kent,365
878,Terry Jensen,353
879,David Morgan,750
880,Matthew Roy,790
881,Steven Small,136
882,Sandra Garcia,360
883,Antonio Davis,658
884,Elizabeth Carr DVM,797
885,Mr. Jesse West,712
886,Andrew Clarke,646
887,Oscar Joseph,138
888,Robert Lozano,733
889,Jerome Fletcher,37
890,Lauren Bowers,206
891,Courtney Wood,204
892,Sandra Taylor,323
893,Diana Schultz,527
894,Heather Ewing,556
895,Destiny Johns,259
896,Justin Marshall,771
897,Daniel Gray,292
898,Timothy Guerra,799
899,Troy Frey,671
900,Amanda Perez,279
901,Joseph Morgan,376
902,Kelly Thompson,409
903,Samantha Porter,395
904,Jill Fisher,191
905,Kathleen Mosley MD,708
906,Joseph Ward,376
907,Robert Cooper,84
908,Yvonne Young,80
909,James Mcconnell,616
910,Melissa Gallagher,558
911,Patrick Hall,328
912,Jimmy Montgomery III,81
913,Michael Allen,676
914,Robert Fuller,313
915,Sara Mccarty,617
916,Stephanie Castro,170
917,Lance Smith,359
918,Elizabeth Wiggins,43
919,Kelly Cross,629
920,Christopher Taylor,281
921,Alexis Pena,76
922,Christopher Wilson,372
923,Thomas Grant,31
924,Matthew Skinner,622
925,Kristen Floyd,35
926,Jason Jenkins,68
927,Christopher Wright,797
928,Aaron Taylor,370
929,Nicholas Harrison,580
930,Phyllis Jenkins,619
931,Richard Anderson,695
932,Leslie Graves,379
933,Brian Simon,454
934,Rachel Bowers,587
935,Austin Proctor,542
936,Samantha Mayer,407
937,Jessica Price,665
938,Heather Cruz,255
939,Gary Flowers,26
940,Anna Sullivan,511
941,Jason Davis,575
942,William Meyer,268
943,Timothy White,720
944,Kathryn Grant,219
945,Michele Sanchez,710
946,Angela Daniel,204
947,Mr. Kenneth Mckee,138
948,Michael Davis,462
949,Michelle Olson,730
950,David Thompson,89
951,Scott Stanley,683
952,April Bradley,726
953,Chad Harrison,563
954,Christopher Small,307
955,Melissa Frank DVM,728
956,Leslie Bailey,370
957,Thomas Dennis,124
958,Jaime Garcia,142
959,James Macdonald,505
960,Stacy Monroe,369
961,Sherri Schmitt,478
962,Karen May,626
963,Jennifer Rhodes,67
964,Darryl Hart,407
965,Michael Ayala,538
966,Mark Scott,787
967,Christopher Anderson,588
968,Elizabeth Pena,128
969,Beverly Nguyen,657
970,Sierra Smith,460
971,Mr. Timothy Livingston MD,696
972,Tara Cooper,131
973,Dana Washington,786
974,Carolyn Hernandez,443
975,Christina Fisher,127
976,Donna Santiago,311
977,Leslie Santos,165
978,Tanya Mullen,726
979,Christine Hall,354
980,Eric Campos,80
981,Lisa Hunter,201
982,Matthew Baker,128
983,Christopher Rodriguez,629
984,Tiffany Barron,514
985,Loretta Payne,606
986,Maria Nolan,175
987,Jeffrey Gutierrez,577
988,Scott Martinez,29
989,Mary Rivera,46
990,Michele Hood,666
991,Joseph Newton,785
992,Caitlin Thomas,632
993,Brian Peterson DDS,509
994,Ashley Cooper DVM,657
995,Christopher Torres,494
996,Paul Hudson,701
997,Derek Clark,304
998,Nicole Davis,74
999,Jill Scott,161
1000,Shelly Davis,425
1001,Karen Bentley,475
1002,Michael Sanders,348
1003,Jamie Boone,320
1004,Lindsey Bailey DVM,751
1005,Anthony Gonzalez,408
1006,Heather Kennedy,778
1007,Mark Newman,527
1008,Stephanie Hall,326
1009,Christopher Mayo,477
1010,Joe Cervantes,273
1011,Stephen Mcneil,253
1012,Leon Gross,99
1013,Laura Martin,297
1014,Richard Williams,630
1015,Tyler Marshall,254
1016,Dr. John Lee,335
1017,Stephen Wallace,194
1018,Andrew Moore,510
1019,Brandon Hill,510
1020,Mr. Daniel Nguyen,509
1021,Albert Wright,92
1022,Caleb Williams,517
1023,Stephen Lewis,246
1024,Matthew Rodriguez,597
1025,Cynthia Hart MD,49
1026,Alexander Green,288
1027,Kelsey Wood,611
1028,Thomas Good,292
1029,Daniel Dodson,110
1030,William Burch,137
1031,Jennifer Cruz,744
1032,Wyatt Hammond,782
1033,Miss Mary Taylor,374
1034,Jeffrey Patterson,410
1035,Chad Smith,583
1036,James Stevens,371
1037,Brady Morgan,75
1038,Scott Byrd,516
1039,Randy Williams,782
1040,Nicholas Callahan,638
1041,Herbert Edwards,131
1042,Daniel Wang,403
1043,James West,347
1044,Ashlee Johnson,773
1045,Phillip Owens,203
1046,Corey Anderson,512
1047,Amber Jones,46
1048,Barbara Marshall,140
1049,Joseph Jones,485
1050,Mary Barnett,152
1051,Kim Turner,335
1052,Bonnie Baldwin,166
1053,Shari Phillips,631
1054,Benjamin Gonzalez,607
1055,Steven Riley,519
1056,Joshua Fleming,725
1057,Karen Lee,486
1058,Amber Perry,377
1059,Joshua Stafford,689
1060,Samantha Hunt,426
1061,Jacqueline Austin,742
1062,Scott Fisher,611
1063,Scott Perkins,271
1064,Kellie Oconnor,738
1065,Nicole Stewart,597
1066,Alice Camacho,174
1067,Tony Haney,151
1068,Ann Lawrence,32
1069,Mrs. Taylor Owens,195
1070,Jacob Stanton,451
1071,Jody Bennett,428
1072,Brandi Robertson,422
1073,Joseph Simon,420
1074,Barbara Becker,753
1075,Casey Sanchez,722
1076,Brandon Guerrero,531
1077,Dylan Buckley,574
1078,Brianna Smith,678
1079,Courtney Bender,538
1080,Timothy York,321
1081,James Harrison,470
1082,Sarah Cooper,559
1083,Daniel Potter,692
1084,Dr. Nathan Escobar MD,624
1085,Jaclyn Becker,196
1086,Allen Owen,285
1087,Natasha Callahan,230
1088,Veronica Arnold,789
1089,Elizabeth Grant,721
1090,Loretta Leonard,706
1091,Anthony Deleon,324
1092,Mark Hernandez,357
1093,Dr. Michael Edwards,294
1094,Ashley Brown,587
1095,James Steele,404
1096,Vicki Harper,791
1097,Dawn Leblanc,297
1098,Matthew Barber,294
1099,Linda Wilson,354
1100,Nancy Mitchell,671
1101,Vincent Pittman DVM,765
1102,Erica Carrillo,219
1103,William Holder,551
1104,Brittany Larsen,575
1105,Wyatt Marshall,140
1106,Sergio Miller,630
1107,Adam Jones,248
1108,Matthew Gonzales,685
1109,Angela Martinez,653
1110,Alyssa Harris,53
1111,Katherine Short,423
1112,Joshua Lopez,734
1113,Danielle Harris,102
1114,Craig Nichols,5
1115,Samuel Watkins,416
1116,James Martinez,488
1117,Amanda Johnson,774
1118,Cody Knapp,328
1119,Kim Monroe,661
1120,Katie Briggs,787
1121,James Johnson,667
1122,Megan Parks,547
1123,Lindsay Arnold,179
1124,Matthew Miller,180
1125,Jason Torres,406
1126,Hannah Harrington,190
1127,Antonio Shah,38
1128,Donna Edwards,305
1129,James Cortez,343
1130,Albert Rodriguez,465
1131,Gail Rogers,137
1132,Daniel Stone,279
1133,Margaret Franco,115
1134,Jorge Monroe,166
1135,Gregory Romero Jr.,663
1136,Melinda Smith,735
1137,Donald Allen,14
1138,Angela Powell,302
1139,Kenneth Harmon,179
1140,Hannah Allen,437
1141,Susan Pugh,88
1142,Theodore Thomas,685
1143,Michael Johnson,189
1144,Arthur Jackson,488
1145,Kendra Giles,254
1146,Heidi Rodriguez,267
1147,Taylor Hernandez,241
1148,Erika Nichols,771
1149,Patrick Gonzalez,337
1150,Daniel Edwards,596
1151,Jennifer Elliott,267
1152,Mr. Timothy Gilbert,709
1153,Anita Rodriguez,63
1154,Richard Ramos,476
1155,Amber Ramirez,163
1156,Kenneth Roy,702
1157,Michael James,706
1158,Kelly Moore,654
1159,Gregory Flores,376
1160,Alejandro Wong,224
1161,Nancy Randall,489
1162,Mark Collins,465
1163,Jessica Gordon,425
1164,Jacob Zimmerman,775
1165,Hannah Miller,780
1166,Damon Burns,696
1167,Mark Nixon,538
1168,Paul Smith,540
1169,Jennifer Barnes,79
1170,Gregory Mercer,63
1171,James Merritt,586
1172,Robert Doyle,168
1173,Kaitlyn Andrews,532
1174,Arthur Baker,119
1175,Sara Cunningham,734
1176,William Hamilton,93
1177,Jeremy Franco MD,56
1178,Hannah Cortez,135
1179,Andrew Blanchard,467
1180,Denise Hill,572
1181,Steven Barron,688
1182,Carol Griffith,740
1183,Aaron Warren,405
1184,Kristin Webster,3
1185,James Johnson,592
1186,Anthony Smith,46
1187,Emma Johnson,352
1188,Walter Underwood,554
1189,Mr. Nathan Dean,70
1190,Phillip Le,32
1191,Miguel Scott,418
1192,Tina Yates,787
1193,Matthew Norris,784
1194,Tiffany Cruz,383
1195,Ricky Henry,459
1196,Brittany Diaz,384
1197,Meagan Mccarty,699
1198,Alfred Castaneda,669
1199,Jacob Brown,121
1200,Teresa Wall,550
1201,Charles Williams,541
1202,Daniel Soto,745
1203,Jennifer Hawkins,3
1204,Gabriel Hart,305
1205,Donna George,689
1206,Thomas Tran,544
1207,Tanner Martinez,235
1208,Gwendolyn Burns,471
1209,Joe Cox,158
1210,Kathryn Lowery,193
1211,Angela Barr,32
1212,Dustin Gardner,629
1213,Matthew Neal,246
1214,Michael Harris,68
1215,Steven Meyer,608
1216,Deanna Rice,457
1217,Roger Allen,250
1218,Thomas Herring,411
1219,Brandon Kirby,239
1220,Micheal Henderson,772
1221,Melissa Carlson,143
1222,Kenneth Perry,239
1223,Julie Parks,591
1224,Monique Mann,242
1225,Hunter Durham,146
1226,Patricia Johnson,423
1227,Hunter Sosa,281
1228,Charles Reyes,570
1229,Crystal Nicholson,641
1230,Sherri Hubbard,569
1231,Megan Burns MD,48
1232,David Higgins,658
1233,Timothy Ray,537
1234,Melissa Hughes,713
1235,Tina Davidson,418
1236,Samuel Ray,307
1237,Michael Martin,188
1238,Gregory Wallace,246
1239,Kimberly Curry,307
1240,Jorge Wyatt,474
1241,Allison Johnston,575
1242,James West,426
1243,Leslie Ramirez,397
1244,Nancy Pittman,261
1245,Laura Dyer,338
1246,Pamela King,460
1247,Shane Hanson,94
1248,Krista Ortiz,52
1249,Michael White,386
1250,Jesus Mcmillan,74
1251,Michael Meyer,779
1252,Mrs. Anna Brown,490
1253,Misty Gray,340
1254,Justin Torres,15
1255,Mary Parks,194
1256,Kara Allen,764
1257,Sharon Hanson,248
1258,Mrs. Laura Sanchez,406
1259,Amy Huynh,565
1260,Angela Brown,794
1261,Karen Smith,389
1262,David Gomez,546
1263,Leah Garcia,315
1264,Benjamin Scott,368
1265,Christopher Phillips,477
1266,Mrs. Danielle Fernandez DDS,739
1267,Diana Young,779
1268,Stephen Perez,208
1269,Christopher Huber,320
1270,Samantha Snyder,46
1271,James Ray,759
1272,Sergio Beck,16
1273,Regina Sanchez,566
1274,Ashley Thomas,302
1275,Warren Moore,200
1276,Robert Richards,235
1277,Zachary Herrera,583
1278,Michael Soto,511
1279,Bonnie Monroe,263
1280,Aaron Hall,740
1281,Michael Robbins,471
1282,Blake Davis,750
1283,Christine Hoffman,173
1284,Michelle Johnson,737
1285,Hector Davis,188
1286,Linda Morris,536
1287,Wesley Smith,76
1288,Dana Williams,782
1289,Mark Moore,422
1290,Laura Brown,645
1291,Theodore Frye,69
1292,William Poole,9
1293,Samantha Henry,517
1294,Cindy Myers,382
1295,Daniel Welch,632
1296,Kelly Johnson,675
1297,Jessica Garcia,16
1298,Rhonda Turner,544
1299,Terry Wilcox,12
1300,Steven Reid,542
1301,Anita Henry,548
1302,Kelly Brown,17
1303,James Jones,183
1304,David Hicks,98
1305,Douglas Roberts,246
1306,Andre Morales,634
1307,Jessica Anderson,362
1308,Ashley Rosales,406
1309,Lauren Randall,382
1310,Nicole Dixon,470
1311,Dalton Thompson,713
1312,Christopher Walters,307
1313,Heather Stout,669
1314,Valerie Howard,95
1315,Julian Brooks,388
1316,Amy Bell,565
1317,Susan Davis,57
1318,Brittany Saunders,719
1319,Heidi Cross,84
1320,Helen Knight,444
1321,James Bennett,579
1322,Whitney Simmons,540
1323,Lindsey Yu,235
1324,Diane Blair,708
1325,Benjamin Oneill,277
1326,Rebecca Cardenas,76
1327,Derek Cole,556
1328,Deborah Kelly,183
1329,Linda Myers,16
1330,Dwayne Curry,601
1331,Steven Serrano,770
1332,Shawn King,78
1333,Roger Cooper,166
1334,Ronald Peters,580
1335,Amanda Haynes,693
1336,Dr. Jason Thompson MD,393
1337,John Nichols,705
1338,Carl Roy,512
1339,Megan Curry,54
1340,Suzanne Greer,447
1341,Ryan Anderson,77
1342,Reginald Carpenter,619
1343,Bryan Glover,792
1344,Sylvia Taylor,30
1345,Malik Perez,461
1346,Rose Thompson,233
1347,Sarah Smith,566
1348,Brenda Mclean,442
1349,Mrs. Rachel Harris DVM,696
1350,Jill Allen,87
1351,Jennifer Willis,252
1352,Anthony Morris,84
1353,Jose Perez,157
1354,Roberto Garrett DVM,728
1355,Gloria Davis,757
1356,Melanie Anderson,324
1357,Elizabeth Young,109
1358,Lucas Dunn,5
1359,Meredith Cruz,455
1360,Robert Clark,779
1361,Bryan Green,104
1362,Donna Williamson,89
1363,Tony Gilbert,441
1364,Eric Black,570
1365,Andrew Lee,105
1366,Elizabeth Sanders,91
1367,Shelly Guerra,567
1368,Lauren Roberts,611
1369,Mary Bauer,394
1370,Stephen Pierce,298
1371,Ann Garcia DDS,397
1372,Brian Lopez,742
1373,Malik Harris,585
1374,Hayley Ayala,701
1375,Deborah Munoz,173
1376,Laurie Contreras,275
1377,Brian Francis,274
1378,Jody Ferguson,149
1379,Christian French,171
1380,Dennis Castro,282
1381,Eric Smith,306
1382,Stephen Park,78
1383,Audrey Adams,257
1384,Amanda Barker,738
1385,Henry Wong,608
1386,Melissa Alexander,468
1387,Dalton Wong,138
1388,Jennifer Foster,6
1389,Christina Stone,340
1390,Vanessa Williams,337
1391,Joshua Bautista,342
1392,Kyle Jenkins,666
1393,April King,307
1394,Amber Shepherd,617
1395,Jasmine Monroe,490
1396,Lauren Williams,181
1397,Julia Barnes,326
1398,Rick Sosa,752
1399,Hunter Gregory,589
1400,Janet Lane,333
1401,Faith Thomas,287
1402,Dylan Wall,373
1403,Joyce Johnson,577
1404,Andrea Martin,606
1405,Christopher Todd,698
1406,Martha Miranda,744
1407,Joshua Ramirez,725
1408,Daniel Richardson,448
1409,Keith Mitchell,709
1410,Brian Hall,418
1411,John Joseph,142
1412,Jamie Wright,247
1413,Kristen Cannon,674
1414,Mark Garcia,732
1415,Debra Mack,386
1416,Tiffany Jones,459
1417,Nathaniel Patrick,596
1418,Melissa Ward,547
1419,Andrew Ryan,556
1420,Wanda Nichols,368
1421,Patricia Watson,111
1422,Bradley Brown,673
1423,Brittany Martin,170
1424,Carl Hoover,576
1425,Allen Walker PhD,770
1426,Paul Gomez,440
1427,Ronald Rice,10
1428,Dorothy Robbins,264
1429,Kristy Simmons,522
1430,Wesley Torres,456
1431,Erica Jones,400
1432,Miss Charlotte Keith DDS,790
1433,Rick David,353
1434,Michael Robinson,494
1435,Marissa Greene,302
1436,Jacob Holmes,87
1437,Dominique Johnson,747
1438,Steve Moody,356
1439,Stephanie Estrada,351
1440,Pamela Anderson,211
1441,Jamie Jones,356
1442,Allen Adams,99
1443,George Green,739
1444,Alexandria Perez,326
1445,Rhonda Lawson,307
1446,Jacob Haney,727
1447,Katie Shaw,23
1448,Ariel Santiago,663
1449,Gwendolyn Pacheco,693
1450,Zachary Diaz,758
1451,Gina Golden,528
1452,Dawn Dyer,565
1453,Adriana Blair,338
1454,Clayton Frost,473
1455,Darlene Blankenship,414
1456,Joanna Hall,190
1457,April Osborne,405
1458,Eric Valencia,755
1459,Mark Sexton,460
1460,Scott Meadows,398
1461,Casey Reynolds,721
1462,Stephanie Flores,210
1463,Eric Swanson,770
1464,Lisa Dougherty,591
1465,Kyle Tran,549
1466,Billy Hughes,374
1467,Michael King,201
1468,Kelly Lopez,116
1469,Catherine Beard,686
1470,Ronnie Norman,540
1471,Ellen Jackson,611
1472,Alicia Fischer,625
1473,Jessica Turner,601
1474,Olivia Martinez,356
1475,Bonnie Stewart,468
1476,William Nelson,689
1477,Mark Haynes,629
1478,Amber Miller,688
1479,Timothy Dean,320
1480,Juan Beard,244
1481,Monica Nelson,119
1482,Amber Forbes,382
1483,Megan Walker,523
1484,Brian Obrien,428
1485,Sean Ramirez,588
1486,Amy Palmer,433
1487,Tim Stewart,498
1488,Lisa Kim,568
1489,Caitlin Sanchez,501
1490,Kimberly Nunez,143
1491,Whitney Mcmillan,322
1492,Sean Wallace,634
1493,Jennifer Taylor,367
1494,Alex Miller,496
1495,Justin Jackson,199
1496,Lisa Ingram,575
1497,Brandon Johnson,418
1498,John Washington,425
1499,Susan Long,500
1500,Nicole Cochran,84
1501,James Bryant,779
1502,Terry Wilson,299
1503,Laura Campbell,281
1504,Michael Phelps DVM,550
1505,Brian Green,172
1506,Brenda Rich,579
1507,Lisa Harrison,562
1508,Desiree Trujillo,586
1509,Dr. Meghan Morgan,274
1510,Louis Merritt,555
1511,Erin Ryan,778
1512,April Holland,559
1513,Mrs. Jodi Sosa,435
1514,Jennifer Oconnor,753
1515,Jason Brown,304
1516,Christopher Oconnell,460
1517,Patricia Mason,356
1518,Erin Garcia,449
1519,David Stevens,794
1520,Aaron Chavez,214
1521,Steven Reid,727
1522,Aimee Wilson,169
1523,Mary Henry,211
1524,Destiny Anderson,60
1525,Marie Chan,545
1526,Debbie Keller,611
1527,Eric Warren,331
1528,Gail Adams,296
1529,Tony Owen,526
1530,Priscilla White,138
1531,Jonathan Hartman,60
1532,Ashley Thompson,671
1533,Matthew Lopez,718
1534,Thomas Flores,255
1535,Catherine Day,728
1536,Vincent Cole,253
1537,Evelyn Green,501
1538,Robin Cervantes,591
1539,Robert Rose,642
1540,William Mitchell,384
1541,Brian Smith,77
1542,Juan Hines,412
1543,Eric Salazar,711
1544,Blake Smith,465
1545,Lori Davidson,335
1546,Marc Pitts,792
1547,Allison Marshall,748
1548,Melinda Jackson,650
1549,Sara Davis,64
1550,Logan Meadows,223
1551,Mark Robinson,216
1552,Brian Campbell,274
1553,Ashley Donaldson,290
1554,Shane Johnson,560
1555,Maria Wilson,579
1556,Laura Moore,351
1557,Kimberly Le,47
1558,Tina Sutton,641
1559,Christina Schmidt DDS,16
1560,David Peterson,161
1561,Jennifer Reynolds,467
1562,Katrina Powell,438
1563,Joy Lee,705
1564,Christopher Gross,665
1565,Erica Thomas,162
1566,Mason Lane,95
1567,Kyle Galvan,256
1568,Ian Klein,380
1569,Blake Allen,53
1570,Loretta Mullen,640
1571,Kari Park,743
1572,Ralph Wilson,439
1573,Timothy Smith,720
1574,Kelsey Davis,1
1575,Kelly Singleton,488
1576,Christopher Keller,135
1577,Jennifer Snow,531
1578,Carmen Solis,9
1579,Daniel Bridges,712
1580,Joshua Briggs,123
1581,Albert Ramirez,710
1582,Tiffany Smith,489
1583,Daniel Kemp,234
1584,Rachel Gonzalez,91
1585,Philip Gonzalez,105
1586,Alexandra Terrell,376
1587,Darrell Jones,140
1588,Ian Taylor,792
1589,Caitlin Ingram,656
1590,Alejandra Patel,70
1591,Lauren Jordan,624
1592,Chloe Hernandez,450
1593,Phillip Haas,739
1594,Carol Robinson,643
1595,Lisa Knight,421
1596,Randy Gregory,222
1597,Anna Gates,102
1598,Maureen Lindsey,770
1599,Elizabeth Vasquez,603
1600,Phillip Mann,359
1601,Lisa Anderson,322
1602,Nicole Espinoza,253
1603,Edwin Hill,660
1604,Michelle Mccullough,254
1605,Kristin Hensley,797
1606,Jeffery Lucas,674
1607,Rebecca Wilkinson,210
1608,Paul Horn,765
1609,Michael Roberts,302
1610,Ethan Miller,245
1611,Joan Shaw,395
1612,Timothy Reed,246
1613,Beth Combs,653
1614,Michelle Larsen,540
1615,Ryan Williams,369
1616,Maria Robinson,135
1617,Richard Russo,582
1618,Taylor Carter,374
1619,Angela Velasquez,781
1620,Kathryn Thompson,788
1621,Samantha Todd,17
1622,Rebecca Tapia,14
1623,Brenda Jones,220
1624,Dr. Riley Jones,61
1625,Tara Hoffman,518
1626,Ashley Green,643
1627,Terry Villarreal,433
1628,Haley Rojas,84
1629,Alan Wu,284
1630,Joseph Calderon,317
1631,David Salas,523
1632,Samantha Fowler,159
1633,Charles Peck,400
1634,Miranda Taylor,317
1635,Jeffrey Mitchell,747
1636,Brooke Hubbard,59
1637,Andrea Gonzalez,88
1638,Timothy Robinson,118
1639,Carolyn Mccarthy,626
1640,Brett Wolf,316
1641,Daniel Morgan,122
1642,Dylan Perkins,724
1643,Eduardo Mcguire,718
1644,Stephanie Morris,167
1645,Benjamin Travis,355
1646,Jennifer Ibarra,170
1647,Anthony Harris,129
1648,Hannah Miller,750
1649,Lisa Larsen,789
1650,Michael Ramos,343
1651,Joseph Barron,278
1652,Alyssa Harrison,269
1653,Brandon Ruiz,508
1654,Edward Evans,523
1655,Michael Smith,56
1656,Paul Kelly,580
1657,Emily Davila,376
1658,Jessica Young,261
1659,Joseph Smith,587
1660,Duane Gonzales,233
1661,Joy Wilson,45
1662,Jack Taylor,250
1663,Eric Hickman,483
1664,Vickie Howard,392
1665,Matthew Lee,183
1666,Robert Ewing,566
1667,Jacob Clay,229
1668,James Young,254
1669,Michael Rodriguez,737
1670,Ruben Welch,277
1671,Robin Holland DDS,585
1672,Teresa Ortiz,122
1673,Caitlyn Rogers,183
1674,Terri Phelps,528
1675,Patricia Gomez,410
1676,Raven Welch,476
1677,Brenda Watkins,792
1678,David Williams,335
1679,Latoya Baker,566
1680,Rachel Hughes,8
1681,Spencer Lindsey,205
1682,Chad Reynolds,577
1683,Scott Black,757
1684,Taylor Johnson,475
1685,Mary Morris,605
1686,Kathryn Parker,791
1687,Nicole Allen,750
1688,Larry Smith,154
1689,Tamara Marshall,419
1690,John Bryant,238
1691,Samantha Brooks,651
1692,Stephanie Lawson,343
1693,Samantha Lynch,777
1694,Joseph Barnes,755
1695,Maria Conrad,106
1696,Daniel Schaefer,542
1697,Bobby Smith,429
1698,Michael Brown,61
1699,Juan Wise,728
1700,Ashley Sanchez,95
1701,Joseph Pierce,237
1702,Louis Barber,717
1703,Elizabeth Rodriguez,469
1704,Daniel Johnson,594
1705,Andrew Krause,517
1706,Ryan Davies,652
1707,Matthew Obrien,76
1708,David Palmer,445
1709,Jennifer Ward,242
1710,Steve Tate,267
1711,Adam Goodwin,402
1712,Richard Young,325
1713,Chelsea Wilson,278
1714,Jon Forbes,76
1715,Anne Welch,139
1716,Paula Mckinney,159
1717,Deborah Watkins,168
1718,Debra Hale,477
1719,Rebecca Martinez,416
1720,Luis Best,548
1721,Patrick Le MD,788
1722,Nicole White,462
1723,Mary Bell,474
1724,Mark Rowland,122
1725,Kelly Escobar,161
1726,Angela Marks,721
1727,Patty Clark,220
1728,Deanna Lewis,151
1729,Dr. Samantha Shah,728
1730,Jose Thomas,364
1731,Justin Ramsey,525
1732,James Schmidt,693
1733,Angela Porter,266
1734,Ann Romero,31
1735,Priscilla Wood,463
1736,Kevin Jenkins,96
1737,Barbara Gray,104
1738,Jacqueline Snyder,124
1739,Judy Payne,63
1740,Patrick Townsend,133
1741,Travis Smith,410
1742,Lori Bell,702
1743,Jason Davenport,596
1744,Pamela Hopkins,76
1745,Robert Payne,66
1746,Michael Huff,661
1747,Emily Massey,131
1748,Caroline Sanchez MD,339
1749,Nicole Barajas,43
1750,Elizabeth Park,51
1751,Thomas Hill,587
1752,Eric Hernandez,741
1753,Lindsay Kramer,508
1754,Rebecca Silva,391
1755,Christina Mora,176
1756,Mariah Garza,219
1757,Bridget Carter,281
1758,Thomas Baker,456
1759,Steve Flores,35
1760,Rebecca Roberts,662
1761,Elizabeth Curtis DDS,510
1762,Sean Turner,563
1763,Christine Reed,62
1764,Kristine Mcdaniel,286
1765,Jessica Bell,140
1766,Tamara Perez,204
1767,Christine Smith,645
1768,Tammy Bailey,391
1769,Barbara Reed,491
1770,Douglas Swanson,352
1771,Elizabeth Ballard,397
1772,Nathan Anderson,184
1773,Ronald Miller,326
1774,Mrs. Debra Jordan,30
1775,Sharon Lane,59
1776,Deborah Acevedo,542
1777,Jerry Fisher,785
1778,Mark Stone,163
1779,Benjamin Sharp,253
1780,Amy Myers,272
1781,Ryan Vance,782
1782,Angela Williams,589
1783,Robert Mcdonald,363
1784,Jo Rivera,180
1785,William Miller,606
1786,Logan Jarvis,755
1787,Veronica Mcdonald,605
1788,Michael Arnold,720
1789,Daniel Casey,581
1790,Adam Johnson,576
1791,Lauren Wallace,504
1792,James Mendez,179
1793,Ryan Mata,38
1794,Christopher Lane,57
1795,Laura Ashley,616
1796,Chelsea Lee,20
1797,Michael Smith,0
1798,Cynthia Harris,628
1799,Danielle Sullivan,133
1800,Rebecca Williams,734
1801,Gabrielle Chavez,331
1802,Craig Warner,22
1803,Natasha Lopez,600
1804,Richard Best,792
1805,Debbie Mcclure,538
1806,Joseph Ryan,74
1807,Todd Hill,721
1808,Carl Whitehead,600
1809,Christopher Wilson,344
1810,Melissa Stevens,330
1811,Katie Robertson MD,161
1812,Victor Blair,654
1813,John Mcgee,664
1814,Brent Jones,178
1815,David Melton,228
1816,Jessica Smith,387
1817,Kevin Sanchez,751
1818,Jessica Bauer,130
1819,Sandra Navarro,746
1820,Jennifer Bryan,718
1821,Andrew Barr,789
1822,Angela Wolf,186
1823,Christopher Walters,626
1824,Dustin Schwartz,654
1825,Ryan Johnson,508
1826,Wayne Smith,339
1827,Kaylee Alexander,243
1828,Janice Cook,327
1829,Aimee Leon,651
1830,Jacob Guzman,725
1831,Christine Washington,457
1832,Eugene Mcguire,271
1833,Christopher Hicks,255
1834,Douglas Garcia,358
1835,Jason Martinez,110
1836,Jonathan Holland,49
1837,Cindy Koch,448
1838,Anthony Anderson,170
1839,Cheryl Meyer,504
1840,Michael Stout,359
1841,James Wilkins,103
1842,Dr. Nathan Walker,591
1843,Nathan Diaz,166
1844,Ray Henderson,75
1845,Cody Singh,301
1846,Shelby Gonzalez,326
1847,Lance Jordan,107
1848,Wayne Jones,350
1849,Devin Huber,384
1850,Joshua Cox,749
1851,Anthony Stanley,560
1852,Thomas Evans,346
1853,Katherine Bowen,721
1854,Bruce Martinez,441
1855,Gabrielle Arroyo,621
1856,Erica Solomon,160
1857,James Sexton,103
1858,Michelle Smith,210
1859,Lisa Miller,419
1860,Steven Green,676
1861,Curtis Anderson,304
1862,Erin Carrillo,98
1863,Christy Travis,402
1864,Linda Sanchez,157
1865,Rachel Webb,369
1866,Tracy Mills,437
1867,Maria Lee,301
1868,Catherine Sanders,204
1869,Elizabeth Williams,26
1870,Joseph Weaver,174
1871,Leonard Brown,83
1872,David Miller,118
1873,Jeffrey Humphrey,407
1874,Victoria Aguilar,500
1875,Hunter Wilson,93
1876,Erin Thomas,189
1877,Sherry Sandoval,390
1878,Rebecca Rodriguez,191
1879,Eric Sampson,45
1880,Donna Moore,450
1881,Laura Nelson,269
1882,Jaime Black,275
1883,Yvette Padilla,154
1884,Lisa Burns,87
1885,Joseph Olson,554
1886,Kevin Clark,774
1887,Scott Yang,566
1888,Jeanette Fisher,396
1889,Kevin Schneider,548
1890,David Johnson,586
1891,Robert Barnes,487
1892,Briana Gibson,80
1893,Harold Boyer,731
1894,Spencer Buchanan,514
1895,Teresa Kelly,123
1896,Brenda Brooks,177
1897,Alexander Cooper,216
1898,Glenn Nguyen,129
1899,Lisa Jones,433
1900,Zachary Wright,699
1901,Donna Jones,206
1902,Amber Barnes,609
1903,David White,327
1904,Kimberly Henry,89
1905,Sarah Little,569
1906,Leah Phillips,565
1907,Patrick Turner,282
1908,Diana Smith,12
1909,Joshua Castillo,115
1910,Douglas Oliver,153
1911,Wendy Shah,580
1912,Karen Brown,108
1913,Brian Jones,292
1914,Zachary Jimenez,420
1915,Kyle Morales,392
1916,Kurt Chen,585
1917,Kevin Peterson,38
1918,David Burton,282
1919,Michelle Rose,147
1920,Danielle Hicks,39
1921,Abigail Lee,339
1922,Amanda Martin,50
1923,Joseph Phillips,275
1924,Lori Christian,20
1925,Richard Morris,310
1926,Shelby Johnson DVM,287
1927,Marc Welch,712
1928,Ruth Huff,233
1929,Robin Lee,307
1930,Tina Humphrey,792
1931,Robert Myers,275
1932,Mark Pearson,619
1933,Joseph Gomez,192
1934,Jennifer Bullock,216
1935,Michael Cervantes,758
1936,Mitchell Davis,777
1937,Caitlin Martinez,57
1938,Kevin Moon,67
1939,Margaret Kim,726
1940,Brian Brown,138
1941,Michael Anderson,177
1942,Jacqueline Griffin,205
1943,Kristopher Gordon,255
1944,Robert Franklin,467
1945,Peter Gregory,369
1946,Daniel Ramos,280
1947,Alicia Reed,475
1948,Christopher Bauer,650
1949,Scott Jackson,697
1950,Joan Johnson,247
1951,Sierra Holt,500
1952,Ebony Johnson,181
1953,Diana Smith,600
1954,Kathryn Bell,352
1955,Anthony Conrad,264
1956,Austin Brown,291
1957,Steven Brown,395
1958,Jasmin King,166
1959,Tyler Bailey,226
1960,Blake Bennett,693
1961,Ryan Wilson,275
1962,Terry Daniels,525
1963,Kristin Brown,799
1964,Jack Richards,485
1965,William Carter,662
1966,Barry Morales,615
1967,Rodney Landry,229
1968,Alicia Myers,622
1969,Monica Lee,729
1970,Nicholas Aguilar,433
1971,Timothy Wilson,357
1972,Thomas Martinez,258
1973,Anthony Fisher,477
1974,Renee Delacruz,693
1975,Jessica Contreras,598
1976,Eric Thomas,7
1977,Rachel Ortiz,574
1978,Elijah Johnson MD,305
1979,Michelle Lucero,493
1980,Dr. Timothy Lopez,344
1981,Ellen Doyle,655
1982,Brandi Lopez,283
1983,Sharon Webb MD,671
1984,Sharon Lewis,192
1985,Kylie Herrera,529
1986,Kimberly Smith,58
1987,Gina Mcfarland,676
1988,Amanda Murphy,697
1989,David Foster,738
1990,Brian Wright,671
1991,John Zamora PhD,302
1992,James Rasmussen,428
1993,Tiffany Deleon,397
1994,Jacob Walker,597
1995,Stephanie Bartlett,351
1996,Angela Chang,702
1997,Katie Blake,687
1998,Dawn Parker,519
1999,Jeremy Meyers,174
2000,Julia Pittman,300
2001,Aaron Fleming,482
2002,Brittany Collins,758
2003,Allison Gardner,742
2004,Mary Davis,696
2005,Brandon Mckenzie,670
2006,Bradley Vang,227
2007,Margaret Gilbert,228
2008,Megan Griffin,430
2009,Michael Clark,380
2010,Mrs. Tiffany Howard,599
2011,Douglas Patterson,474
2012,Amy Stanley,481
2013,Jacob Malone,649
2014,Jessica Walters,483
2015,Leslie Moore,512
2016,Philip Perkins,697
2017,Kayla Eaton,542
2018,Teresa Hoffman,423
2019,Brian Moore,154
2020,William Thompson,205
2021,Julie Carter,419
2022,Kenneth Kennedy,146
2023,Matthew Stokes,732
2024,Amanda Ruiz,797
2025,Annette Weeks,499
2026,Jennifer Martinez,646
2027,Anthony Hughes,320
2028,Stephanie Mcdowell,4
2029,Thomas Perez,280
2030,Stephanie Gray,779
2031,Karla Mullins,590
2032,Scott Ortiz DDS,501
2033,Kim Thompson,132
2034,Thomas Jimenez,648
2035,Jerry Alexander,413
2036,Dustin Rogers,488
2037,Robert Liu,4
2038,Renee Gutierrez,546
2039,Angela Lee,748
2040,Elizabeth Padilla,14
2041,Brian Harrison,775
2042,Heather West,18
2043,Bradley Foster,641
2044,Amber Tucker,231
2045,Wayne Hernandez,319
2046,Susan Hopkins,105
2047,Deborah Haynes,515
2048,Adam Casey,171
2049,Christopher Sims,46
2050,Angel Butler,297
2051,Joshua Robinson,745
2052,Julie Santiago,444
2053,Christina West,350
2054,Billy Brown,367
2055,Parker Morrow,168
2056,Jonathon Wright,19
2057,Scott Miles,229
2058,William Gallagher,216
2059,Tina Mercer,603
2060,Stacy Gonzalez,126
2061,William Rose,728
2062,Tracie Webb,384
2063,Mr. Scott Thompson,789
2064,Lindsay Soto,608
2065,Robert Jones,677
2066,Nicholas Figueroa,669
2067,Mark Scott,49
2068,John Mcknight,426
2069,Steven Moss,389
2070,Haley Villegas,560
2071,Susan Johnson,485
2072,April Terrell,210
2073,Valerie Mccormick,308
2074,Michael Wilson,677
2075,Amy Johnson,678
2076,Susan Martin,637
2077,Casey Gallegos,428
2078,Bridget Johnson,523
2079,Justin Castillo,289
2080,Amber Huber,108
2081,Tracy Glover,203
2082,Bethany Swanson,796
2083,Beth Bradford,535
2084,Dr. Brian Kennedy,366
2085,Miguel Powell,302
2086,Jennifer Ortiz,40
2087,Mr. Alan Kelly,212
2088,Adam May,338
2089,Dr. Charles Garcia,2
2090,Alejandro Perry,687
2091,Katherine Wallace,113
2092,Nicholas Woodard,152
2093,Austin Jackson,798
2094,Ashley Obrien,740
2095,Madeline Moss,262
2096,Duane Rivas,467
2097,Roy Richardson,270
2098,Marvin Banks,51
2099,Kristi Jones,178
2100,Kara Jones,297
2101,Denise Moore,693
2102,Karen Wells PhD,436
2103,Aaron Rodriguez,97
2104,Ian Jones,9
2105,Frank Hoover,679
2106,Brenda Dennis,336
2107,Felicia Martinez,448
2108,Mrs. Ashley Fletcher DDS,750
2109,Jennifer Mosley,381
2110,Michael Rivera,187
2111,Samantha Rodriguez,410
2112,Douglas Romero,467
2113,Steven Harrison,394
2114,Michael Butler,431
2115,Colleen Lee,115
2116,Pedro Bradley,712
2117,Christopher Ross,163
2118,Gina Maxwell,426
2119,Amanda Osborne,582
2120,Brianna Greene,185
2121,Shelly Aguirre MD,797
2122,Paul Sloan,626
2123,Logan Hernandez DDS,700
2124,Jose Shaw,494
2125,Rachel Rose,115
2126,Donna Smith,451
2127,John Thomas,64
2128,Denise Johnson,670
2129,Susan Coleman,12
2130,Drew Chavez,685
2131,Travis Gallagher,531
2132,Jennifer Webb,443
2133,Natalie Combs,493
2134,Brian Burke,679
2135,Thomas Delgado,152
2136,Julie Bishop,11
2137,Jennifer Lynch,517
2138,William Washington,507
2139,William Blevins,76
2140,Lori Smith,328
2141,David Farrell,338
2142,Diane Murray,51
2143,Amber Mcdonald,563
2144,Jonathan Ruiz,412
2145,Lorraine Jones,80
2146,Jill Morgan,454
2147,Christian Johnson,90
2148,Christopher Phillips,457
2149,Cheryl Luna,121
2150,Travis Watson,763
2151,Larry Delacruz,105
2152,Mitchell Perry,422
2153,Deanna Jackson,570
2154,Mr. William Hurley,93
2155,James Peters,520
2156,Nicole Johnson,670
2157,Melissa Cervantes,349
2158,Ashley Avery,55
2159,Rachel Moreno,465
2160,Cynthia Riddle MD,573
2161,Emily Martin,733
2162,Kathy Vasquez,733
2163,Mark Holt,116
2164,Andrew Wright,777
2165,Lauren Patrick,2
2166,Jennifer Lee,363
2167,Kristin Castro,560
2168,Anna Young,718
2169,William Harris,46
2170,Jessica Powell,504
2171,Jessica Ross,734
2172,Catherine Rodriguez,109
2173,Sarah Davis,625
2174,Cory Williams,192
2175,Diane Pope MD,402
2176,Shawn Gomez,468
2177,Matthew Mason,733
2178,Hannah Hurley,110
2179,Rachel Williams,47
2180,Chad Morgan,790
2181,John Hamilton,468
2182,Jennifer Li,510
2183,Rachel Garcia,543
2184,Wendy Parker,566
2185,Jonathan Morris,599
2186,Robert Wyatt,520
2187,Ryan Rodriguez,708
2188,Brian Jones,748
2189,Alexis White,106
2190,Michael Smith,673
2191,Michael Moore,516
2192,Amy Smith,428
2193,Ronnie Becker,280
2194,Stacey Todd,351
2195,Kevin Schmidt,463
2196,Mark Keller,141
2197,David Adams,616
2198,Zachary Barnes,718
2199,Jessica Williams,728
2200,Alexis Reynolds,205
2201,Julian Wood,639
2202,Willie Ramsey,703
2203,Brett Hernandez,688
2204,David Scott,727
2205,Mary Clarke,515
2206,John David,727
2207,Patrick Gallagher,779
2208,Scott Campbell,575
2209,Sheri Mercado,596
2210,Charlene Butler,690
2211,Steven Franklin,432
2212,Holly Murphy,535
2213,William Acevedo,25
2214,Nathaniel Fisher,148
2215,Gina Clark,686
2216,Lauren Ruiz,204
2217,Debra Ford,768
2218,Pamela Daniel,293
2219,James Meyer,149
2220,Patricia Sweeney,707
2221,David Shaw,208
2222,Morgan Williams,367
2223,Michelle Greer,104
2224,Zachary Stephens,760
2225,Debra Jones,243
2226,Mrs. Julie Martin DDS,709
2227,Sarah Mayer,390
2228,Jeffrey Hebert,426
2229,Melissa Hensley,565
2230,Felicia Lewis,13
2231,Haley Jackson,207
2232,Sabrina Lee,230
2233,Samantha Cunningham,773
2234,Samantha Byrd,794
2235,Amy Flores,301
2236,Kevin Smith,181
2237,Michael Roberts,191
2238,Dana Freeman,752
2239,Nancy Ellis,386
2240,Brandi Randolph,438
2241,Jenny Garcia,569
2242,Kurt Myers,133
2243,Donald Smith,598
2244,Logan Miller,5
2245,Shelly Floyd,477
2246,Melissa Martinez,40
2247,Amanda Martinez,330
2248,Malik Wells,792
2249,Erin Torres,502
2250,Edward Ryan,74
2251,Kim Wright,538
2252,Patricia Nelson,188
2253,Alec Williams,517
2254,Kenneth Mayer,425
2255,Donald Tanner,94
2256,Victoria Fletcher,226
2257,Darren Singleton,679
2258,Shannon Raymond,339
2259,Jordan Harris,300
2260,Phillip Fry,770
2261,Erika Hudson,574
2262,Ann Lewis,117
2263,Dawn Collins,456
2264,Anthony Zuniga,657
2265,Martin Davis,40
2266,Karen Mcgee,390
2267,Kyle Davis,395
2268,Heather Cooper,553
2269,Jennifer Washington,25
2270,Diane Glenn,526
2271,Michele Davenport,498
2272,Amy Haley,303
2273,Diana Hill,328
2274,Jonathan Martinez,98
2275,Brian Oneal,791
2276,Joshua Thompson,641
2277,Tyler Davis,215
2278,Jesse Hansen,701
2279,Tina Simmons,106
2280,Carrie Stafford,550
2281,Kenneth Fuller,662
2282,Jason Bates,764
2283,Ashley Mcintosh,24
2284,Cheryl Martin,734
2285,Jessica Miranda,38
2286,John Thomas,75
2287,Rachel Dunlap,182
2288,Maria Lewis,571
2289,Jamie Nelson,588
2290,William Reyes,264
2291,Shannon Hernandez,397
2292,Isaac Farrell,645
2293,Natalie Horton,443
2294,Benjamin Scott,17
2295,Alison Gray,689
2296,Andrea Walker,547
2297,Debra Garrett,656
2298,James Johnson,774
2299,Brandon Aguirre,717
2300,Andrew Brooks,366
2301,Michael Maldonado,296
2302,Toni Blair,621
2303,Michael Smith,288
2304,Elizabeth Singleton,390
2305,Amy Baker,676
2306,Kayla Jensen,485
2307,Tracey Graham,546
2308,Isabella Palmer,139
2309,Francis Ward,558
2310,Tyler Conley,649
2311,Gary Warren,305
2312,Erik Kramer,11
2313,Albert Flores,126
2314,John Reid,5
2315,Janice Ibarra,550
2316,Stacey Johnson,312
2317,Kelly Murray,766
2318,Michael Green,216
2319,Dawn Collins DDS,661
2320,Mrs. Melissa Carpenter,164
2321,Brandy Johnson,226
2322,Jerry Cole,198
2323,Stephanie Morales,185
2324,David Pearson,769
2325,Michael Hale,660
2326,Michael Davis,297
2327,Karen Moore,256
2328,Ryan Rivera,202
2329,Nicholas Fuller,338
2330,James Peters,131
2331,Derek Gonzales,102
2332,Derek Brooks,634
2333,Tiffany Newman,198
2334,Kevin Mcdowell,497
2335,Tracy Strong,336
2336,Anna Chase,710
2337,Debra Moore,579
2338,Scott Allen,323
2339,Rebecca Arnold,172
2340,Holly Paul,320
2341,Leon Mcguire,226
2342,Nicole Cohen,283
2343,Diane Anderson MD,137
2344,Jonathan Perez,491
2345,Mary Day,456
2346,Tommy Wallace,793
2347,Cassandra Boone,498
2348,Steven Webb,179
2349,Samuel Cain,287
2350,Francis Coleman,551
2351,Steven Garcia,269
2352,Kyle Holden,744
2353,Craig Murray,19
2354,Logan Tran,595
2355,John Lopez,787
2356,Katherine Moreno,37
2357,Nicholas Morales,556
2358,Christopher Hendricks,669
2359,Jessica Peterson,374
2360,Daniel Reilly,228
2361,Michele Robinson,137
2362,Joanna Hernandez,513
2363,Shannon Thomas,406
2364,Tina Neal,514
2365,Katherine Villanueva,678
2366,Ashley Hobbs,628
2367,Taylor Perry,775
2368,Kenneth Richardson,456
2369,Samantha Brennan,183
2370,Mark Ward,753
2371,Elizabeth Henderson,367
2372,Phillip Williams,224
2373,Angela Perez,237
2374,Tyler Romero,270
2375,Krystal Jones,239
2376,Timothy Phillips,684
2377,Carla Williams,530
2378,Nicholas Petersen,397
2379,Dana Marshall,465
2380,Pamela Alvarez,40
2381,Elizabeth Sharp,105
2382,Nicole Thompson,759
2383,Kaitlyn Byrd,592
2384,Brian Simmons,385
2385,Stephanie Orozco,374
2386,Eric Pittman,529
2387,Leah Hubbard,385
2388,Justin Lopez,528
2389,Jessica Hill,361
2390,Carly Knight,498
2391,Dr. Jeffrey Cole,618
2392,Christopher Smith,513
2393,Kristin Burns,450
2394,Derek Hodges,235
2395,Deborah Coffey,526
2396,Marcus Wade,216
2397,Melinda Lewis,191
2398,Brandi Ramirez,370
2399,Michelle Kelly,676
2400,Parker Goodman,424
2401,James Baldwin,737
2402,Justin Walls,493
2403,Scott Ruiz,490
2404,Marie Powell,604
2405,Kathy Haley,662
2406,John Bryant,22
2407,Emily Barnes,44
2408,Clayton Wang,587
2409,Brittany Johnston,137
2410,Kenneth Dickerson,586
2411,Stephanie Wolfe,57
2412,Kevin Weiss,264
2413,Tim Robinson,529
2414,Taylor Liu,613
2415,Brandon Nunez,736
2416,Dr. Lisa Smith,87
2417,Eric Peterson,459
2418,Scott Ramos,493
2419,Keith Hayes,224
2420,Christopher Montes,615
2421,Mary Rice,596
2422,Nancy Meyers,638
2423,Ashley Mcdonald,171
2424,Garrett Simpson,464
2425,Mark Nunez,235
2426,Brandon Graham,394
2427,Carla Beck,111
2428,Leah Barrett,207
2429,Timothy Taylor,153
2430,Allen Lynch,181
2431,Angela Perez,629
2432,Daniel Ross,544
2433,Robert Conley,95
2434,Susan Bush,675
2435,Barbara Brown,617
2436,Jeremy Barker,793
2437,Joshua Tucker,534
2438,Kim Porter,379
2439,Christy Morris,714
2440,Johnathan Mcdaniel,234
2441,Jacqueline Trujillo,787
2442,Richard Wang,358
2443,Mark Martinez,435
2444,Xavier Johnson,260
2445,Jared Moore,784
2446,John Harrington,85
2447,Edward Stokes,612
2448,Mary Williamson,263
2449,Emily Hall,5
2450,Connor Butler,591
2451,Joel Cortez,532
2452,Misty Stark,384
2453,Paul Melton,704
2454,Shawn Hart,418
2455,Brian Moore,109
2456,Whitney Richards,436
2457,Rebecca Davis,267
2458,Shelly Burch,578
2459,Laura Archer,626
2460,Trevor Carter,696
2461,Marcus Woods,773
2462,Aimee Evans,423
2463,Angela Davidson,183
2464,Mariah Lam,572
2465,Brian Moran,259
2466,Jesse Dixon,591
2467,Gina Brennan,792
2468,Jason Jones,753
2469,Christy Jacobs,675
2470,Kathryn Ellis MD,765
2471,Jasmine Garcia,457
2472,Sarah Medina,102
2473,Connor Tran,520
2474,Carrie Young,346
2475,Michele Hughes,164
2476,Kathleen Rodriguez,651
2477,Katie Ross,93
2478,Robert Roberts,482
2479,Maria Hernandez,90
2480,Nancy Morales,269
2481,Nicholas Allen,379
2482,Billy Gray,623
2483,Rebecca Diaz,741
2484,Karen Cox,410
2485,Amanda Prince,728
2486,Mr. Evan Wilson,792
2487,Chad Wilson,655
2488,Craig Washington,449
2489,Brian Ray,206
2490,James Nichols,199
2491,Brett Johnson,613
2492,Stephanie Jones,629
2493,Kaitlyn Bates,690
2494,Glenn Woodard,368
2495,Jennifer Waller,670
2496,Natasha Mueller,161
2497,Karen Jones,282
2498,Perry Medina,361
2499,Kyle Vargas,415
2500,Dr. Carrie Moore,530
2501,Joshua Lewis,754
2502,John Martinez,92
2503,Karina Howard,743
2504,Brady Randall,355
2505,Luke Schaefer,231
2506,Carrie Ramirez,465
2507,Felicia Jordan,588
2508,Derek Orozco,267
2509,Emily Smith,416
2510,Charles Carroll,572
2511,Ms. Jennifer York,515
2512,Susan Middleton,348
2513,Ryan Campbell,525
2514,George Dunn,550
2515,Timothy Robertson,710
2516,Kevin Steele,386
2517,Dennis Cole,788
2518,Jasmine Cohen,775
2519,Derek Mendoza,794
2520,Jonathan Jackson,697
2521,Marcus Carson,600
2522,Peter Hernandez,493
2523,Kelly Sanchez,264
2524,Cassandra Sweeney,391
2525,Arthur Hicks,693
2526,Bruce Mathews,323
2527,Randy Sheppard,361
2528,Lisa Sanchez,717
2529,Steven Willis,254
2530,Lisa Parker,95
2531,Rachel Moore,689
2532,Rhonda Jones,77
2533,Julie White,487
2534,Tammy Brown,362
2535,Richard Cohen,587
2536,Tammy Smith,187
2537,Kelly Collins,510
2538,Shane Clark,240
2539,Bradley Gilbert,271
2540,Christopher Holland,234
2541,Julie Thomas,255
2542,Peggy Villarreal,159
2543,Tammy Green,122
2544,Jeremy Carlson,692
2545,William Francis,628
2546,David Fitzgerald,782
2547,Kimberly Tucker,493
2548,Bradley Anderson,635
2549,Brandy Harvey,504
2550,Blake Padilla MD,502
2551,Brittany Torres,782
2552,Kathy Phillips,407
2553,Vicki Ferguson,768
2554,Dr. Robert Allison,55
2555,Richard Robbins,489
2556,Joyce Nicholson,514
2557,Rebekah Wright,403
2558,Kayla Manning,468
2559,Jacqueline Hutchinson,715
2560,Cody Palmer,323
2561,Julie Wilcox,12
2562,Thomas Phelps,388
2563,Katelyn Hawkins,333
2564,Miss Julie Knapp,627
2565,Paul Rios,191
2566,Sally Pope,242
2567,Jose Huang,482
2568,Susan Franklin,374
2569,Angel Franklin,510
2570,Amy Pace,215
2571,Jamie Mccormick,717
2572,Jennifer Benson,373
2573,Stacie Cooke,286
2574,Lisa Chapman,184
2575,Allen Velez,589
2576,April Hoffman,102
2577,Jeffrey Levy,241
2578,Joseph Nichols,390
2579,Heather French,149
2580,Dr. Ann Villanueva DVM,484
2581,Summer Vega,180
2582,John Cole,511
2583,Julia Parker,645
2584,Richard White,498
2585,Savannah Davis,256
2586,Jacob Franco,407
2587,Cheyenne Warren,707
2588,Gregory Collins,61
2589,Jessica Moore DVM,260
2590,Tiffany Davis,644
2591,Kevin Smith,460
2592,Dylan Arnold,266
2593,Jennifer Brooks,368
2594,Taylor Brown,352
2595,Amanda Anderson,421
2596,Jasmine Mccoy,359
2597,Jacob Nelson,590
2598,Michelle Ingram,799
2599,John Grant,363
2600,James Lee,689
2601,Katrina Nguyen,793
2602,Perry Hunter,80
2603,Lance Salinas,628
2604,Jonathan Swanson,474
2605,Jason Berry,171
2606,Brian Acosta,431
2607,Dr. Sarah Harris,73
2608,Mitchell Morris,165
2609,Joshua Johnson,233
2610,Thomas Brown,324
2611,Cynthia Le,727
2612,Patrick Reynolds,619
2613,Barbara Johnson,277
2614,Mary Parrish,799
2615,Carol Smith,765
2616,Casey Gonzalez,423
2617,Kristine Cohen DDS,188
2618,Dr. Sarah Hernandez,128
2619,Andrea Jarvis,677
2620,Roy Leblanc,761
2621,Sabrina Taylor,215
2622,Ms. Deborah Brewer,406
2623,Brett Thompson,97
2624,Matthew Brooks,484
2625,Jason Gregory,26
2626,Cheryl Johnson,536
2627,Jeffrey Mejia,106
2628,Carrie Fox,632
2629,Michael Baker,86
2630,Michael Lane,316
2631,Kimberly Taylor,253
2632,Kenneth Johnson,453
2633,Adam Fox,134
2634,Nancy Anderson,29
2635,Doris Murray,679
2636,Joshua Dean,333
2637,Alexander Welch,478
2638,Alison Gordon,561
2639,Kelsey Mercado,138
2640,Kyle Haas,605
2641,Deborah Brown,646
2642,Mariah Williams,536
2643,Jeanette Holmes,355
2644,Kevin Jones,552
2645,Charles Robinson,91
2646,Haley Conner,315
2647,Jessica Farmer,422
2648,Angel Mccall,159
2649,Joel Hampton,10
2650,Brian Hicks,535
2651,James Freeman,352
2652,Sarah Andrews,480
2653,Jennifer Sims,704
2654,James Steele,773
2655,Charles Reyes,306
2656,Renee Farmer,784
2657,Patrick Vega,299
2658,Thomas Stephens,7
2659,Robert Hamilton,193
2660,Dawn Clark,574
2661,Melissa Blackburn,404
2662,Michelle Hall,167
2663,Scott Patrick,387
2664,Nicole Vang,269
2665,James Arellano,432
2666,Rebecca Miller,529
2667,Diana Thompson,291
2668,Benjamin Hill,422
2669,Mitchell Morris,70
2670,Mrs. Briana Prince DDS,139
2671,Arthur Cantrell,113
2672,Tara Campbell,632
2673,Stephanie Stout,278
2674,Lindsey Dixon,192
2675,Taylor Ortiz,19
2676,Toni Hill,50
2677,Amanda Fernandez,190
2678,Robert Wood,288
2679,Charles Woods,128
2680,Jerry Gordon,744
2681,Susan Mcdaniel,238
2682,Jorge Hansen,154
2683,Scott Mcdaniel,505
2684,Robert Moore,350
2685,David Chambers,319
2686,Maria Martinez,380
2687,Robert Phillips,713
2688,Nicholas Ward,338
2689,Tony Bradley,768
2690,Zachary Morgan,57
2691,Shawna Martinez,794
2692,Daniel Williams,73
2693,Richard Schultz,185
2694,Julie Hill,256
2695,David Baker,12
2696,Patrick Pineda,786
2697,Robert Abbott,394
2698,Ms. Helen Lewis,253
2699,Sharon Hampton,203
2700,Laura Bernard,752
2701,Lisa Ward,533
2702,Tracy Sullivan,484
2703,Dr. Darryl Bradshaw,697
2704,William Sanchez,330
2705,Megan Burns,644
2706,Gregory Dunn,762
2707,Christopher Simmons,259
2708,Peggy Alvarez,653
2709,David Mora,203
2710,Daniel Soto,53
2711,Brian Rodgers,115
2712,Tyler Jackson,648
2713,Nicole Vega,332
2714,Jennifer Cunningham,171
2715,Daniel Gonzalez,598
2716,Rebecca Hodge,405
2717,Douglas Robbins,9
2718,Joseph Thompson,595
2719,Natalie Sims,704
2720,Brian Rice,380
2721,Dustin Anderson,254
2722,Laurie Perry,511
2723,Kelly Stone,702
2724,Vickie Mccoy,777
2725,Kyle Meyer,61
2726,Anthony Anderson,660
2727,Leah Ruiz,718
2728,Scott Williamson,128
2729,Chris Stephenson,238
2730,David Bryant,571
2731,Michael Collins,449
2732,Matthew Hess,21
2733,Ashley Hernandez,366
2734,Laura Dunlap,256
2735,Caitlyn Hardy,496
2736,Christopher Washington,572
2737,Tara Howe,555
2738,Jody Martinez,194
2739,Victoria Olson,556
2740,Rebecca Harmon MD,331
2741,Ruben Morrow,281
2742,Bobby Ford,70
2743,Jamie Johnson,460
2744,Manuel Cisneros,269
2745,Tina Cook,464
2746,Clifford Martinez,794
2747,Shirley Smith,751
2748,William Davis,19
2749,Ryan Odonnell,794
2750,Troy Cline,328
2751,Douglas King,674
2752,Peter Williams,194
2753,Bob Warner DVM,784
2754,Daniel Chavez,627
2755,Kristin Murphy,330
2756,Sarah Edwards,656
2757,Christine Shea,113
2758,Cassandra Dougherty,535
2759,Denise Reyes,44
2760,Amy Miller,182
2761,Stephanie Daniels,206
2762,James Wells,497
2763,Erin Davenport,101
2764,James Moss,584
2765,Sharon Taylor,673
2766,Jennifer Webb,538
2767,James Yates,50
2768,Ryan Freeman,226
2769,Christine Davidson,13
2770,Brian Hernandez,671
2771,Joshua Johnson,81
2772,Carl Myers,654
2773,Frank Camacho,369
2774,Elizabeth Contreras,377
2775,Nicole Berry,631
2776,Brian Hamilton,541
2777,Rita Rios,751
2778,Amy Dalton,311
2779,Nicholas Pena,221
2780,Juan Holder,103
2781,Yvette Santana,544
2782,Julie Phillips MD,194
2783,John Hill,538
2784,Matthew Singh,583
2785,Dr. Melissa Cantrell,571
2786,Michael Rasmussen,764
2787,Kelly Weaver,784
2788,Jessica Adams,690
2789,Tamara Harrison,719
2790,Molly Beasley,106
2791,Mary Parker,184
2792,Mary Lambert,516
2793,Beverly Brown,673
2794,Christopher Moran,546
2795,Sarah Wilson,360
2796,Gregory Crawford,563
2797,Todd Martinez,380
2798,Jeffrey Adams,782
2799,Joseph Moreno,743
2800,Brittany Monroe,623
2801,Ashley Campbell,576
2802,Jeremy King,384
2803,Megan Hayes,368
2804,Katie George,458
2805,Brenda Williams,0
2806,John Santiago,291
2807,Daniel Green,530
2808,Jessica Anderson,309
2809,Jessica Shelton,307
2810,Sandra King,219
2811,Alexis Murray,22
2812,Anna Smith,566
2813,Kimberly Davis,96
2814,Justin Long,471
2815,Brandon Powell,159
2816,Dennis Torres,271
2817,Larry Grant,596
2818,Linda Nelson,238
2819,Heather Lucas,307
2820,James Anderson,584
2821,John Black,582
2822,Aaron Sanchez,751
2823,Matthew Allen,740
2824,Jason Graham,494
2825,Michael Mcdonald,499
2826,William Brown,609
2827,Kelly Perry,38
2828,Nicholas Rodriguez,80
2829,Edward Santos,789
2830,Tammy Moore,356
2831,Kenneth Gardner,426
2832,William Becker,788
2833,Holly Sharp,765
2834,Glenn Nielsen MD,649
2835,Maria Vance,55
2836,Carol Gibson,536
2837,Rebecca Hernandez,326
2838,Kerri Wallace,334
2839,Matthew Gallegos,156
2840,Diana Rojas,689
2841,Patrick Garrison,456
2842,Ronald Anderson,227
2843,Angela Evans,296
2844,Justin Rivera,151
2845,Mary Cameron,344
2846,Jason Smith,487
2847,Joshua Tran,561
2848,Sean Garrett,268
2849,Christopher Henson,408
2850,Timothy Nguyen,792
2851,Brenda Hanson,780
2852,Michael Valdez,492
2853,Louis Scott,499
2854,Leah Phillips,667
2855,Denise Davis,574
2856,Mr. Daniel Hall,248
2857,Monica Price,272
2858,Sarah Guzman,331
2859,Mrs. Jasmine Avila,115
2860,Kathy Alexander,433
2861,Kimberly Barker,356
2862,Christine Madden,328
2863,Katherine Johnson,608
2864,Nicholas Carpenter,788
2865,Christopher Hahn,173
2866,Christine Stout,631
2867,David Brown,638
2868,Daniel Coleman,451
2869,Jeremy Wells,239
2870,Wendy Welch,701
2871,Jacqueline Beard,159
2872,Jamie Davis,115
2873,Jason Miller,248
2874,Jonathan Villarreal,294
2875,Lisa Livingston,351
2876,Kristin Barber,312
2877,Katelyn Ortiz,482
2878,Pamela Dixon,339
2879,Mr. Colin Sanchez,757
2880,Karen Carroll,208
2881,Tracy Carson,561
2882,Timothy Mclaughlin,637
2883,Sean Gonzalez,711
2884,Belinda Roberts,385
2885,Maria Ortega,261
2886,Justin Hunt,61
2887,Michael Arnold,205
2888,Katherine Wood,54
2889,Alyssa Young,670
2890,Nicole Taylor,68
2891,Sarah Brooks,676
2892,Jacob Chavez,678
2893,Christopher Morrison,110
2894,Stephanie Moore,299
2895,Lori Grant,236
2896,Hannah King,520
2897,Jeremy Buchanan,323
2898,Yvette Mitchell,611
2899,Manuel Leon,190
2900,Scott Blackwell,512
2901,Aaron Peters,574
2902,Amy Blackburn,40
2903,Suzanne Richmond,542
2904,Ann Reese,341
2905,Regina Irwin,402
2906,Beth Fernandez,18
2907,Eric Yang,700
2908,Anna Hughes,363
2909,Steven Avila,241
2910,Brian Le,63
2911,Andrew Bowman,396
2912,Donald Phillips,568
2913,Robert Lee,230
2914,Alan Hubbard,349
2915,Melissa Moody,672
2916,Kimberly Baker,89
2917,Mark Sampson,533
2918,William Navarro,427
2919,Kenneth Howard,586
2920,Tammy Flores,436
2921,Megan Freeman,619
2922,Katie Ferguson,459
2923,Casey Fields,211
2924,Kimberly Harrison,594
2925,Jason Schmidt,141
2926,Sabrina Nelson,705
2927,Lauren White,440
2928,Valerie Moore,671
2929,Peter Levine,325
2930,Jenna Roberts,570
2931,Wyatt Hill,188
2932,Jason Anderson,149
2933,Summer Hawkins,783
2934,Elizabeth Mcdonald,423
2935,Matthew Patel,310
2936,Nicholas Lewis,763
2937,Stephanie Hill,155
2938,Heather Wright,109
2939,Brianna Brown,189
2940,Michael Long,780
2941,Nicholas Hart,620
2942,Christine Morgan,610
2943,Mario Hester,236
2944,Melinda Stone,367
2945,Peggy Bradley,704
2946,Jennifer Tran,137
2947,Cheryl Smith,729
2948,Timothy Foster,188
2949,Elizabeth Vargas,503
2950,Brian Sullivan,140
2951,Tina Kim,197
2952,Jessica Williams,33
2953,Jacob Williams,782
2954,Jessica Vazquez,276
2955,Jacob Mays,227
2956,William Stewart,775
2957,Ann Nguyen,67
2958,Raymond Vasquez,449
2959,Ricky Ellis,704
2960,Carrie Bell,468
2961,Mark Perkins,437
2962,Brian Jennings,794
2963,Denise Hall,622
2964,Beverly Thomas,737
2965,Christine Rice,403
2966,Michael Rios,533
2967,Patricia Palmer,462
2968,Debra Taylor,43
2969,Jason Ochoa,531
2970,Lindsay Miller,752
2971,Carlos Bennett,571
2972,John Walls,528
2973,Nicholas Hoffman,194
2974,Michelle Rodriguez,450
2975,Kelly Tran,311
2976,Carla Ortiz,472
2977,Jack Fuller,432
2978,Michael Bernard,627
2979,Heather Martinez,706
2980,Andrew Elliott,474
2981,Dustin Lee,92
2982,Mr. Adam Leblanc Jr.,184
2983,Kevin Jackson,402
2984,Belinda Welch,331
2985,Amber Aguilar,25
2986,Michael Brown,464
2987,Timothy Collins,465
2988,Paul Barnes,256
2989,Austin Black,708
2990,Kimberly Miller DVM,735
2991,Stephanie Tucker,93
2992,Ashley Williamson,723
2993,Angela Wright,649
2994,Allison Klein,87
2995,Lisa Bailey,744
2996,Michael Williams,387
2997,Kristin Sanchez,44
2998,Jack Marsh,343
2999,Diane Ramirez,166
3000,Jessica Nelson,183
3001,Michelle Kramer,429
3002,Gary Woods,316
3003,Katelyn Reed,295
3004,Dr. Heather Walker,120
3005,Benjamin Hopkins,207
3006,Michael Stanley,637
3007,Edward Lewis,12
3008,Michael Arnold,509
3009,Jeremy Martin,556
3010,Tiffany Smith,622
3011,Emma Miles,243
3012,Lisa Johnson,602
3013,Paul Davis,464
3014,Kayla Wilcox,452
3015,Katherine Wyatt,615
3016,Amanda Moore,250
3017,Latoya Harris,634
3018,Mr. Randy Foley DDS,50
3019,Diane Jackson,151
3020,Jason Wood,668
3021,Michael Hamilton,37
3022,Christopher Edwards,33
3023,Carolyn Davenport,339
3024,Cindy Harris,50
3025,William Hernandez,426
3026,Stephanie Davis,165
3027,Glenn Wilson,625
3028,Jeffrey Long,466
3029,Russell Oneal,36
3030,Matthew Aguilar,786
3031,Gina Roberson,330
3032,Amber Munoz,388
3033,Michael Williams,776
3034,Paul Navarro,563
3035,Joseph Hughes,299
3036,John Jenkins,137
3037,James Pierce,711
3038,Joann Reeves,337
3039,Joanne Porter,537
3040,Dr. Jenny Blair,712
3041,Tasha Roth,626
3042,April Hughes,111
3043,Chad Sanders,495
3044,Julie Rose,437
3045,Michele Mcdowell,265
3046,Lisa Chang,132
3047,Gregory Sanchez,532
3048,Brandon Austin,504
3049,Douglas Holmes,624
3050,Gloria Martin,725
3051,Ms. Valerie Wilson,198
3052,Charles Fisher,121
3053,Bobby Elliott,476
3054,Dr. Willie Wright,755
3055,Ashley Joyce,630
3056,Christopher Dennis,423
3057,Joseph Smith,341
3058,Steven Rivera,573
3059,Jason Orr,11
3060,Kimberly Keith,706
3061,Kristi Hatfield,260
3062,Susan Rojas,315
3063,Michelle Valdez,518
3064,Darrell Barrett III,785
3065,Lisa White,116
3066,Dr. Sarah Warner,349
3067,Eric Walters,741
3068,Edward Rice,179
3069,Sarah Perez,338
3070,Daniel Cline,688
3071,Mr. Michael Calderon,485
3072,Alexander Stout,661
3073,Donald Hatfield,493
3074,Erica Thompson,642
3075,Luis Jones,549
3076,Stephen Shelton,473
3077,Becky Kelley,760
3078,Colton Clayton,533
3079,Adrienne Ortiz,578
3080,Jennifer Hall,568
3081,Angela Hurst,213
3082,Emma Taylor,362
3083,Mike Ramos,152
3084,Jack Rice,31
3085,Derek Ward,384
3086,David Keith,584
3087,Jeffrey Edwards,191
3088,Douglas Ruiz,769
3089,Justin Hoover,722
3090,Terry Martin,726
3091,Brittney Blackwell,278
3092,Brooke Hanna,88
3093,Victoria Bowen,243
3094,Terri Hicks,462
3095,Ryan Whitehead,221
3096,Kelly Williamson,179
3097,Austin Hall,383
3098,Jon Richardson,796
3099,Michael Hill,94
3100,Jorge Gonzales,518
3101,Shawn Rivera,494
3102,Candace Montgomery,194
3103,Gina Livingston,495
3104,Benjamin Roberts,794
3105,Jason Morton,146
3106,Todd Hampton,528
3107,Henry Castro,210
3108,Sabrina Bautista,470
3109,Diana Johnson,730
3110,Steven Roberts,4
3111,Shannon Cook,45
3112,Michael Brown,341
3113,Michael Williams,47
3114,Jessica Lynch,533
3115,Nicole Stevens,23
3116,Brittany Pugh DDS,654
3117,Robert Johnson,328
3118,Samantha Cunningham,197
3119,Wesley Robbins,283
3120,Cory Carr,791
3121,Teresa Ramirez,687
3122,John Collins,279
3123,Louis Brooks,161
3124,Anthony Perez,117
3125,Courtney Andersen,637
3126,Alexis Fletcher,211
3127,John Shaw,562
3128,Brandi King,277
3129,Wendy Pitts,721
3130,Juan Mendoza,587
3131,Valerie David,175
3132,Ian Harris,318
3133,Mr. Jeremy Harrington DDS,553
3134,Jennifer Melendez,51
3135,Daniel Burns,29
3136,William Peters,691
3137,April Patterson,108
3138,Kyle Miller PhD,55
3139,Amy Craig,436
3140,James Brown,183
3141,Erin Montoya,631
3142,Andre Garrett,319
3143,Dr. Edward Morris,202
3144,Kimberly Gomez,773
3145,David Rose,581
3146,Jimmy Thomas,95
3147,Theresa Gates,99
3148,Victor Elliott,317
3149,Clinton Williams,481
3150,Donald Tyler,229
3151,Ashley Castro,631
3152,David Brown IV,372
3153,Diana Stone,187
3154,Christopher Li MD,332
3155,Angelica Campbell,499
3156,Carla Jennings,66
3157,Donald Hunt,115
3158,Heather Perez,490
3159,Jonathan Aguirre,174
3160,Ronnie Tucker,786
3161,Brianna Murphy,618
3162,Matthew Acosta,520
3163,Scott Barr,415
3164,Danny Hawkins,333
3165,Matthew Massey,309
3166,Christopher Cox,410
3167,Carol Riley,244
3168,Brian Chang,561
3169,Joseph Mejia,493
3170,Nicholas Moon,67
3171,Melinda Santiago,213
3172,Mercedes Gardner,445
3173,Timothy Jones,557
3174,Anna Hubbard,177
3175,Timothy Bailey,757
3176,Daniel Thomas,117
3177,Katherine Wong,333
3178,Christian Miller,455
3179,Alexander Wilson,315
3180,Roberto Reyes,71
3181,Debra Barnes,701
3182,Katrina Bennett,335
3183,Ronald Daniels,660
3184,Heather Harrington,92
3185,Douglas Rodriguez,142
3186,William Wilcox Jr.,775
3187,Michael Rivera,676
3188,Brian Davis,463
3189,Lacey Medina,399
3190,Rachel Parks,200
3191,Rachel Crawford,697
3192,Ricardo Thompson,306
3193,Robert Cook,445
3194,Justin Jones,91
3195,Joseph Leach,626
3196,Thomas Coleman,130
3197,William House,63
3198,Courtney Phillips,562
3199,Shannon Garcia,0
3200,Jerome Ellis,112
3201,David Hernandez,31
3202,Connie Reyes,442
3203,Darren Rivera,640
3204,Rebekah Cuevas,728
3205,Samuel Tapia,415
3206,Michelle Garcia,445
3207,Henry Wade,678
3208,John Hayes,486
3209,Stephanie Vaughn DDS,192
3210,Michael Smith,368
3211,Rodney Carter,157
3212,Mckenzie Newton,686
3213,Kayla Valdez,137
3214,Jennifer Edwards,73
3215,Katherine Clark,147
3216,Michael Schroeder,673
3217,Zachary Welch,139
3218,Emily Wilson,140
3219,Joel Webster,466
3220,Aaron Terry,638
3221,Christopher Smith,465
3222,Caitlin Sanchez,565
3223,Tracy Gutierrez,393
3224,Margaret Miller,231
3225,Louis Oneill,434
3226,Tracy Ortiz,591
3227,Amy Rodriguez,748
3228,William Bowers,729
3229,Andre Marquez,420
3230,Kimberly Knight,34
3231,Shari Guerra,581
3232,James Mcdowell,721
3233,Todd Hinton,115
3234,Jacob Young,707
3235,Marissa Vaughan,145
3236,Brett Braun,476
3237,Joel Collins,535
3238,Derek Mckinney,251
3239,Mike Richards,645
3240,Garrett Simmons,700
3241,Matthew Ferguson,627
3242,Brittney Liu,351
3243,Toni Mitchell,480
3244,Jerome Allen,524
3245,Robert Gomez,587
3246,Amanda Walker,431
3247,Haley Norman,301
3248,Catherine Stanley,171
3249,Keith Walters,711
3250,Eric Cook,744
3251,Amber Browning,62
3252,John Macias,592
3253,Gregory Wright,586
3254,Brittany Smith,672
3255,Lisa Porter,755
3256,Cynthia Perry,293
3257,Tammy Gray,84
3258,Christopher Cohen,517
3259,Patrick Terrell,284
3260,Cathy Gould,135
3261,Deborah Cole,281
3262,Kathleen Jones,14
3263,Lee Thompson,618
3264,William Mckee,605
3265,Scott Wagner,674
3266,Natalie Diaz,378
3267,Daniel Ward,267
3268,Tina Beasley,496
3269,William Melton,540
3270,Amber Lewis,351
3271,Michael Kirk,148
3272,Timothy Rivera,507
3273,David Robertson,788
3274,Margaret Taylor,243
3275,Steven Johnson,743
3276,Corey Reid,215
3277,Joseph Contreras,55
3278,Sharon Harper,773
3279,Carol Kane,53
3280,Lauren Diaz,475
3281,Michele Ochoa,487
3282,Kendra Wells,487
3283,Heather Brown,388
3284,Luke Johnson,485
3285,Alyssa Stewart,148
3286,Elizabeth Rivera,12
3287,Heather Collins,459
3288,Betty Contreras,694
3289,Stacy Newton,542
3290,Darren Delgado,99
3291,Richard Haas,442
3292,Laura Young,343
3293,Brent Roberts,273
3294,Gary Rangel,261
3295,Jennifer Smith,472
3296,Vanessa Castaneda,751
3297,Christina Martinez,532
3298,Cody Roman,693
3299,Allen Johnson,320
3300,Joseph Sanchez,688
3301,Michael Craig,69
3302,Joseph Martin,421
3303,Ashley Lowe,537
3304,Jonathan Gamble,701
3305,Michele Miller,359
3306,Miranda Brown,742
3307,John Hernandez,257
3308,Tiffany Clayton,34
3309,Kathryn Chung,634
3310,Mr. Nicholas Schneider,58
3311,Katie Ortiz,613
3312,Rebecca Velasquez,725
3313,Dominic Brown,88
3314,Stephanie Jones,384
3315,Kimberly Parrish,113
3316,David Smith,259
3317,Austin Garcia,478
3318,Lisa Martinez,654
3319,Gabriel Austin,283
3320,Nicholas Bruce,708
3321,Nicholas Duran,263
3322,Janice Juarez,799
3323,Melissa Sellers,283
3324,John Williams,391
3325,Sarah Rojas,340
3326,Russell Costa,264
3327,Danielle Howell,182
3328,Melissa Henderson,71
3329,Ralph Goodwin,205
3330,Jeremy Jackson,182
3331,Mrs. Amber Frost DVM,111
3332,Patrick Flores,553
3333,Kristopher Williams,223
3334,Tonya Lloyd,452
3335,Brian Hicks,105
3336,Shawn Kaiser,74
3337,Todd Fox,585
3338,Jennifer Manning,795
3339,Francisco Mullins,19
3340,Destiny Keller,152
3341,Amanda Wyatt,38
3342,Daniel Smith,272
3343,Nathaniel Cook,716
3344,Mr. Ronald Fletcher,400
3345,Mr. Mark Drake,527
3346,Brian Le,489
3347,Pamela Villegas,413
3348,Gregory Smith,553
3349,Craig Henderson,3
3350,Dawn Poole,705
3351,Theresa Brown,124
3352,Jesse Webb,341
3353,Jerry Martinez,410
3354,Lauren Villegas,647
3355,Carla Carr,374
3356,Mrs. Melissa Taylor DDS,82
3357,Lindsey Bell,778
3358,Keith Lawson,663
3359,Craig Scott,180
3360,Tara Brown,393
3361,Elizabeth Lopez,306
3362,Charlotte King,109
3363,Wayne Wilson,498
3364,Sharon Williams,647
3365,Dr. Jacob Ramirez,752
3366,Robert Richardson,143
3367,Christopher Ramos,197
3368,Diane Vaughn,737
3369,Shaun Young DDS,500
3370,Evan Huffman,64
3371,Miguel Suarez,511
3372,Michael Rodriguez,16
3373,Kenneth Nolan,347
3374,Ryan Burch,345
3375,Rachel Ortega,415
3376,David Carter,216
3377,Susan Barnett,694
3378,Anna Duarte,758
3379,Kristi Moran,73
3380,Ronald Ortega,753
3381,Cynthia Jones,500
3382,Kevin Evans,482
3383,Jessica Cox,248
3384,Jodi Johnson,14
3385,Ronald Adkins,647
3386,Harold Washington,314
3387,David Franklin,467
3388,Xavier Brown,605
3389,Jose Ramsey,108
3390,Timothy Garza,509
3391,Marc Roberts,64
3392,Charlene Harper,436
3393,Shawn Norton,755
3394,Laura Kelly,332
3395,Mark Anderson,700
3396,Joseph Cooper,329
3397,Sheryl Terry,782
3398,Krista Ingram,607
3399,Lisa Lewis,343
3400,Kenneth Miller,123
3401,Brittney Bell,144
3402,Jade Lowery,172
3403,Bonnie Pitts,566
3404,Dillon Myers MD,449
3405,David Berry,595
3406,Richard Roberts,136
3407,Edward Rodriguez,647
3408,Jennifer Wilson,796
3409,Derek Mcintosh,16
3410,Michelle Russell,82
3411,Douglas Holmes,7
3412,Amanda Chung,91
3413,Emma Hall,426
3414,Sheila Castillo,708
3415,Patricia Le,211
3416,Travis Rodriguez,655
3417,Ashley Jordan,535
3418,Rebecca Smith,421
3419,Evan Edwards,178
3420,Ashley Thompson,610
3421,Kevin Johnson,734
3422,Kelsey Mcdonald,626
3423,Jason Berry,642
3424,Jeffrey Dennis,356
3425,Victor Kelly,4
3426,Suzanne Taylor,196
3427,Stacey Miller,542
3428,Natasha Rodriguez,633
3429,Nancy Atkinson,779
3430,Sheila Rivera,475
3431,John Mcmillan,283
3432,Hunter Patterson,198
3433,Kelly Sanchez,152
3434,Leonard Kelly,509
3435,Susan Miranda,163
3436,Laura Francis,55
3437,Sharon Robbins,291
3438,Kevin Brown,445
3439,Joseph Flores MD,342
3440,Roy Tanner,44
3441,Heather Garcia,758
3442,Sean Allen,550
3443,Ryan Miller,161
3444,Samantha Gardner,496
3445,Renee Pruitt,72
3446,Mr. Michael Gonzalez,738
3447,Beth Howard,606
3448,Regina Smith,429
3449,Jake Gonzalez,765
3450,Paige Simpson,235
3451,Jennifer Miller,333
3452,Brett Martin,100
3453,Amanda Gilbert,755
3454,Susan Valencia,204
3455,Jason Greer,225
3456,Haley Wilson,482
3457,William Garcia,55
3458,Eric Parker,148
3459,Christopher Whitaker,624
3460,Mr. Gregory Jensen,182
3461,Bryan Brown,382
3462,Caleb Santos,468
3463,Alyssa Stewart,647
3464,Ms. Katie Brown,276
3465,Jessica Wood,343
3466,Mr. Javier White,32
3467,Mackenzie Hamilton,287
3468,Michelle Robinson,113
3469,Barbara Walker,469
3470,Eileen Hunter,175
3471,Michael Curry,225
3472,Zachary Coleman,618
3473,Jonathan Lopez,653
3474,Holly Brown MD,591
3475,Miranda Garcia,88
3476,Meagan Johnson,534
3477,Stacey Wilson,221
3478,Sherri Christensen,473
3479,Miranda Cowan,14
3480,Jonathan Gutierrez,753
3481,Kenneth Martinez,253
3482,Rodney Baker,444
3483,Andrew Morgan,605
3484,Christopher Nguyen,587
3485,Victor Woodard,427
3486,Evelyn Moore,41
3487,Michael Blevins PhD,751
3488,Belinda Perry,435
3489,Richard Estrada,490
3490,John Williams,463
3491,Chad Wilson,246
3492,Jane Lang,571
3493,Meagan Walsh,709
3494,Danny Finley,223
3495,Eric Arnold,367
3496,Garrett Wilson,244
3497,Kim Dunn,16
3498,Kyle Johns,685
3499,Brittany Mendoza,165
3500,Aaron Reed,584
3501,Alison Gutierrez,465
3502,Christina Meyer,790
3503,Lisa Rose,720
3504,Teresa Johnson,189
3505,Stephen Chavez,641
3506,Carrie Brown,720
3507,Stephanie Warren,642
3508,Christina Morrow,394
3509,Elizabeth Barnes,543
3510,Rebecca Mcdaniel,303
3511,Kevin Strickland,770
3512,Rachel Ortiz,714
3513,Phillip Harper,701
3514,William Trevino,635
3515,Mr. Johnathan Jenkins,753
3516,Darlene Esparza,527
3517,Jerry Carter,52
3518,Dominique Smith,392
3519,Christopher Ramsey,476
3520,Mary Roberts,374
3521,Patricia Lucas,179
3522,Peter Mendoza,574
3523,Mary Smith,141
3524,Kimberly Harris,244
3525,Jose Rosales,664
3526,Deanna Moon,755
3527,Daniel White,771
3528,Alicia Carson,328
3529,Yolanda Anderson,273
3530,Kenneth Mckenzie,283
3531,Tammy Oconnor,64
3532,Melinda Smith,353
3533,Priscilla Buck,497
3534,Anne Allen MD,481
3535,Crystal Lawrence,462
3536,Steven Dickerson,689
3537,Christopher Graham,192
3538,Anthony Lucas,89
3539,Deborah Casey,400
3540,Veronica Garrett,295
3541,Edward Taylor,111
3542,Jessica Johnson,282
3543,Christopher Wise,713
3544,Claire Moss,508
3545,Daniel Lee,209
3546,Elizabeth Berger,300
3547,Nicholas Evans,698
3548,Randy Hall,485
3549,Troy Miller,430
3550,Kelly Foster,755
3551,Daniel Gibson,298
3552,Timothy Nguyen,64
3553,Kimberly Palmer,237
3554,Angela Rogers,421
3555,Keith Carroll,671
3556,Jacob Lee MD,497
3557,Priscilla Patton,468
3558,Christopher Dodson,580
3559,Denise Contreras,313
3560,Henry Marsh,266
3561,Christopher Mcfarland,495
3562,Michael Hernandez,295
3563,Michael Beck,151
3564,Deborah Moreno,291
3565,Nicole Robinson MD,170
3566,Ryan Bryan,728
3567,John Rodriguez,186
3568,Victoria Taylor,725
3569,Johnny Dyer,165
3570,Mark Brown,119
3571,Jose Arellano,324
3572,Lonnie Hall,451
3573,Billy Walsh,378
3574,Amanda Malone,210
3575,Barbara Peterson,681
3576,William Crawford,352
3577,Michelle Moore,381
3578,Sharon Johnson,552
3579,Mrs. Amanda Schmidt,546
3580,Lynn Harris,124
3581,Mary Barrera,414
3582,Kathryn Silva,786
3583,Tyler Rodriguez,469
3584,Adrienne Ramirez,159
3585,Robert Walker,756
3586,Vanessa Shaw,662
3587,Pamela Carpenter,485
3588,Stacy Gill,772
3589,Peter Estrada,578
3590,John Walsh,346
3591,Carlos Li,749
3592,Debra Cross,41
3593,James Jennings,694
3594,Kathleen Smith,315
3595,Kenneth Morris,411
3596,Billy Murphy,456
3597,Raymond Ryan,94
3598,Dustin Yu,56
3599,Donald Weaver,597
3600,Stephanie Myers,785
3601,Julie Gallagher,200
3602,Wesley Maxwell,85
3603,Sara Sanchez,693
3604,Shelby Harris,524
3605,Karl Matthews,199
3606,Michelle Huffman,325
3607,Amanda Sanders,682
3608,Mr. Richard Jones DDS,407
3609,Hunter Wall,733
3610,Deborah Baker,378
3611,Samuel Mitchell,381
3612,Julia Miller,291
3613,Ronald Gordon,359
3614,Rachel Edwards,456
3615,Christine Williams,220
3616,Sharon Conner,759
3617,Amber York,453
3618,Miguel Hartman,167
3619,Christine Gibson,746
3620,Sabrina Gonzalez,142
3621,Jason Johnson,147
3622,Ryan Patterson,310
3623,Donald Roberts,537
3624,Antonio Moore,67
3625,Mark Dominguez,90
3626,Patricia Harris,419
3627,Kimberly Johnson,424
3628,Christina Fernandez,569
3629,Charles Miles,727
3630,Amy Blair,204
3631,Michele Moore,390
3632,Maria Daniels,567
3633,Gabriel Sanders,43
3634,Crystal Thompson,599
3635,Anthony Lucas,505
3636,Regina Johnson,229
3637,Guy Brooks,2
3638,Jeffrey Bishop,268
3639,Phyllis Bauer,655
3640,Terry Deleon,127
3641,Eduardo Harris,427
3642,Matthew Walker,503
3643,Amy Allen,29
3644,Arthur Hernandez,783
3645,Nicholas Marshall,504
3646,Stephanie Mcfarland,613
3647,Dr. Corey Stevens MD,595
3648,Nicole Romero,579
3649,Matthew Scott,264
3650,Melissa Martinez,710
3651,Nancy Melendez,382
3652,Annette Oneill,265
3653,Donna Spencer,595
3654,Matthew Mendoza,149
3655,Mary Ballard,472
3656,Linda Gonzalez,365
3657,Kristen Zuniga,54
3658,Amy Black,369
3659,Jenna Fischer,651
3660,Alexis Le,49
3661,Daniel Murray,298
3662,Janice Erickson,526
3663,Eric Garcia,784
3664,Michael Delgado,783
3665,Eric Davis,613
3666,Michael Thompson,556
3667,Robert Hernandez,323
3668,Sabrina Juarez,277
3669,Nathaniel Villegas,98
3670,Yesenia Garza,147
3671,Maria Williams,140
3672,Adam Murray,381
3673,Robert Woods,421
3674,Cody Ramirez,166
3675,Juan Keller,223
3676,Patrick Lawrence,515
3677,Christopher Conner,192
3678,Travis Mccarthy,427
3679,Colleen Patterson,78
3680,Linda Garza,134
3681,Jordan Adams,491
3682,Matthew Griffith,319
3683,Dr. Dan Wilson,142
3684,Hector Davis,611
3685,Sandra Parks,176
3686,Tanner Humphrey,29
3687,Pamela Payne,227
3688,Walter Kidd,710
3689,Debra Phillips PhD,704
3690,Steven Cole,314
3691,Michael Maldonado,214
3692,Natalie Taylor,80
3693,Sandra Hatfield,707
3694,Justin Hernandez,79
3695,Theodore Molina,793
3696,Alice Prince,775
3697,Charles Houston,43
3698,James Parker,110
3699,William White,675
3700,Juan Ellison,480
3701,Ashley Moore,259
3702,Elizabeth Orr,67
3703,Michael Goodwin,683
3704,Christy Lopez,772
3705,Nicole Andrews,126
3706,Rachel Brown,601
3707,Sheila Schneider,189
3708,Ronald Reeves,29
3709,Tyler Kaufman,149
3710,Tiffany Perez,593
3711,James Hutchinson,360
3712,Kathleen Holloway,512
3713,Gary Villegas,517
3714,Allen Oneill,101
3715,Anthony Savage,541
3716,Greg Hurley,732
3717,Robin Hansen,288
3718,Derek Brewer,772
3719,Connor Arnold,742
3720,Matthew Graham,219
3721,Dr. Brenda Arnold,375
3722,Caitlin Camacho,450
3723,Carlos Murphy,185
3724,Heather Silva,388
3725,Alexander Adams,219
3726,Lisa Coleman,417
3727,Christopher Brown,779
3728,Terri Wright,126
3729,Denise Johnson,112
3730,Justin Rodriguez,507
3731,Patricia Giles,721
3732,Kenneth Jefferson,570
3733,Cindy Wilkins,84
3734,Ashley Cook,505
3735,Ryan Crane,394
3736,Donald Lambert,467
3737,Colleen Miller,703
3738,Stephanie Santana,231
3739,Jason Maldonado,297
3740,Jeremy Maxwell,193
3741,Mason Hale,487
3742,James Braun,183
3743,Sally Dominguez,690
3744,John Rodriguez,688
3745,David Kelly MD,405
3746,Laurie Robinson,535
3747,William Walters DDS,122
3748,Maxwell Gomez,404
3749,Jerry Fitzgerald,711
3750,Barry Bass,759
3751,Eugene Pena,66
3752,Brian Pratt,203
3753,Bryan Ramirez,205
3754,Sharon Johnson,125
3755,Bethany Ingram,434
3756,Justin Young,285
3757,Devin Newman,774
3758,Alec Green,364
3759,Matthew Smith,682
3760,Jared Orozco,496
3761,Jennifer Reyes,150
3762,Tiffany Wise,110
3763,Dennis Maldonado,256
3764,Andrew Hoffman,509
3765,Tiffany Shea,643
3766,David Mendez,30
3767,George Bryant,755
3768,Rachel Carter,69
3769,Scott Lucas,694
3770,Eugene Lee,183
3771,Nicole Griffin,619
3772,Justin Bush,156
3773,Garrett Davis,636
3774,Katrina Tucker MD,778
3775,Tiffany Chandler,676
3776,Amber Gonzalez,477
3777,Jeffrey Pena,300
3778,Lori Ellison,502
3779,Nicholas Patterson,555
3780,Lee Phillips,553
3781,Austin Chavez,782
3782,Michele Boyd,440
3783,Tracy Quinn,392
3784,Amy Chase,322
3785,Terri Jennings,453
3786,Marcus Hughes,36
3787,Mario Olsen,181
3788,Anthony Sanders,723
3789,Mary Ochoa,503
3790,Shannon Hunter,137
3791,Bryan Evans,732
3792,Zachary Fisher,499
3793,Christina Taylor,582
3794,David Stokes,675
3795,Stephen Williams,487
3796,Willie Hurst,518
3797,Jeremiah Howard,400
3798,Tina Macdonald,506
3799,Aaron Brown,631
3800,Matthew Garcia,784
3801,Jeanne Myers,328
3802,Abigail Gaines,28
3803,Patricia Roberts,131
3804,Terry Rose,357
3805,Amanda Strong,783
3806,Cynthia Gordon,389
3807,Alejandro Williams,438
3808,Kristen Rodriguez,365
3809,Nathan Price,359
3810,Michael Black,677
3811,Timothy Willis,253
3812,Brittany Acevedo,663
3813,Jesse Wagner,606
3814,Autumn Hayes,704
3815,Stephen Campbell,312
3816,Patrick Lynch,345
3817,Elizabeth Thompson,20
3818,Christina Dalton,38
3819,Anthony Chang,673
3820,Ashley Sanders,581
3821,Margaret Palmer,273
3822,Amanda Wood,712
3823,Christopher Tyler,602
3824,Heather Bush,324
3825,David Hendricks,584
3826,Sean White,330
3827,Amy Long,500
3828,Joseph Young,707
3829,Debbie Mayer,344
3830,Shelley Martin,514
3831,John Newman,170
3832,Kimberly Abbott,372
3833,David Thornton,206
3834,Robert Shepard,650
3835,Susan Proctor,548
3836,Mary Sanders,294
3837,Marie Walter,48
3838,Paula Bentley,587
3839,John Sullivan,231
3840,Ashley Shepard,734
3841,Angela Hernandez,606
3842,Anna Daniel,279
3843,Michael Thompson,580
3844,Mrs. Jessica Thomas,437
3845,Matthew Rose,355
3846,Blake Long,667
3847,Lindsey Reynolds,516
3848,James Benjamin,443
3849,Daniel Edwards,204
3850,Mark Pugh,411
3851,Janet Oliver,639
3852,Kevin Davis,687
3853,David Smith,19
3854,Raymond Montoya,590
3855,Christopher Sparks,218
3856,Selena Pace,274
3857,Sharon Neal,579
3858,Jonathan Herrera,534
3859,Laura Webster,373
3860,Rebecca Odonnell,151
3861,Steven Reynolds,154
3862,Amy Garcia,445
3863,Robert Hamilton,326
3864,Veronica Dixon,649
3865,Matthew Nguyen,422
3866,Thomas Taylor,293
3867,Cheryl Cervantes,262
3868,John Faulkner,415
3869,Michael Barnett,116
3870,Matthew Smith,196
3871,Sue Payne,251
3872,Rachel Johnson,475
3873,Jaime Roberts,573
3874,Paul Brown,432
3875,Karl Lindsey,206
3876,Cheryl Cabrera,279
3877,Lawrence Pearson,29
3878,Mark Smith,284
3879,Stephanie Mccarthy,659
3880,Susan Walker,739
3881,Patricia Jones,20
3882,Randy Johnston,85
3883,Tricia Elliott,616
3884,Pamela Romero,65
3885,Rebecca Shelton,372
3886,Jill Andrews,406
3887,Tracy Shelton,241
3888,Drew Jackson,584
3889,Amanda Sandoval,534
3890,Natasha Phillips,508
3891,Jessica Garcia,243
3892,Linda Ellis,791
3893,John Gonzalez,337
3894,Amy Bartlett,766
3895,Victor Garza,433
3896,Jessica Brown,147
3897,Rhonda Stevens,179
3898,Jeff Williams,281
3899,Krystal Lester,418
3900,Ashley Allen,603
3901,Cassandra Webb,502
3902,Brett Simpson,716
3903,Brittany Lynch,324
3904,Dr. Elizabeth Patel,486
3905,Stacy Chung,284
3906,Victor Roth,371
3907,Ashlee Williams,732
3908,Christina Stevens,315
3909,Vicki Hill,660
3910,Jonathan Castaneda,757
3911,Todd Howell,707
3912,Rebecca Jones,259
3913,Jodi Roth,316
3914,Wanda Schneider,701
3915,Denise Carpenter,547
3916,Andrew Stewart,453
3917,Emily Baker,8
3918,Brittany Clark,261
3919,David Arnold,92
3920,April Barajas,304
3921,Taylor Montes,164
3922,Debra Elliott,646
3923,Katherine Garcia,785
3924,Joseph Fox,34
3925,James Nolan,82
3926,Andrea Rogers,482
3927,Patricia Martin,340
3928,Tiffany Washington,102
3929,Heather Fuller,715
3930,Mary Smith,518
3931,Kathryn Wilson,360
3932,Kim Martinez,616
3933,Bobby Ortega,464
3934,Carlos Townsend,780
3935,Michael Pena,656
3936,Christie Young,645
3937,Joseph Parker,656
3938,Shelby Hill,3
3939,Mary Jennings,204
3940,Edward Fitzgerald,321
3941,Heather Hall,113
3942,James Mcguire,255
3943,Gloria Brown,608
3944,Peter Perry,327
3945,Jennifer Henson,489
3946,Sylvia Davis,266
3947,Virginia Cole,703
3948,Andrea Graham,288
3949,Donald Price,86
3950,Emily Sloan,376
3951,Kurt Spencer,402
3952,Jessica Stokes,584
3953,Connie Gilmore,21
3954,Debra Martinez,571
3955,Travis Moore,91
3956,Kathy Jacobs,203
3957,Mary Pena,718
3958,Lisa Gill,50
3959,Scott Fitzgerald,632
3960,Brianna Gutierrez,614
3961,Katherine Johnson,152
3962,Gregory Hayes,376
3963,Sarah Norman,580
3964,Michael Burnett,14
3965,Maria Dominguez,791
3966,Lisa Hawkins,689
3967,John Jones,121
3968,Robin Howard,730
3969,Cheryl Coffey,195
3970,Shannon Jones,294
3971,Bryan Yates,391
3972,Meagan Hensley,441
3973,Tracey Chandler,614
3974,Dr. Lisa Williams,289
3975,Larry Gonzalez,428
3976,Thomas Beasley,418
3977,Susan Ward,29
3978,Katherine Johnson,268
3979,Jennifer Johnston,632
3980,Kathryn Perez,254
3981,Melanie Ramos,596
3982,Heather Brown,87
3983,Caroline Lloyd,480
3984,Harry Williams,331
3985,Maria Macdonald,703
3986,Morgan Mccormick,730
3987,Michelle Willis,725
3988,Natasha Oconnell,753
3989,Nicholas Taylor,74
3990,Colleen Roach,570
3991,Kathleen Mcmahon,53
3992,Mariah Wells,240
3993,Mrs. Michele Bonilla,362
3994,Anthony Castillo,5
3995,Sheri Sullivan,516
3996,Kelly Nelson,309
3997,Thomas Evans,687
3998,Diane Bradley,135
3999,Stephanie Brown,594
